Bird identity,"Sex 1=male, 0=female",Ageclass,BodyMass g,RightTarsus length,MalariaConsensus 1=yes,year sampled,year,wet/dry season
1152,0,FL,14.3,24.8,1,1997-07-05T00:00:00Z,97,SE monsoon
1179,1,FL,16.3,26.1,1,1997-07-11T00:00:00Z,97,SE monsoon
1169,1,A,16.8,24.7,0,1997-07-13T00:00:00Z,97,SE monsoon
1170,0,FL,14.9,24.9,1,1997-07-13T00:00:00Z,97,SE monsoon
1181,1,FL,14.9,26.7,0,1997-07-14T00:00:00Z,97,SE monsoon
1202,1,SA,17.8,26.1,1,1997-07-26T00:00:00Z,97,SE monsoon
1208,0,CH,14.6,23.6,0,1997-08-01T00:00:00Z,97,SE monsoon
1209,1,CH,15.6,25.9,1,1997-08-02T00:00:00Z,97,SE monsoon
1210,0,CH,14.9,24.1,0,1997-08-02T00:00:00Z,97,SE monsoon
1214,1,OFL,13.4,25.8,1,1997-08-03T00:00:00Z,97,SE monsoon
1225,0,SA,13.7,23.6,1,1997-08-03T00:00:00Z,97,SE monsoon
1215,1,CH,17.0,26.0,1,1997-08-07T00:00:00Z,97,SE monsoon
1234,1,FL,16.8,27.1,0,1997-08-07T00:00:00Z,97,SE monsoon
1207,0,CH,15.7,23.7,0,1997-08-09T00:00:00Z,97,SE monsoon
1237,1,CH,13.3,21.2,0,1997-08-10T00:00:00Z,97,SE monsoon
1239,0,CH,17.5,19.9,0,1997-08-10T00:00:00Z,97,SE monsoon
1216,0,OFL,14.3,24.9,1,1997-08-13T00:00:00Z,97,SE monsoon
1221,1,FL,14.8,26.4,1,1997-08-21T00:00:00Z,97,SE monsoon
1222,0,FL,13.7,24.8,1,1997-12-28T00:00:00Z,97,NW monsoon
1244,0,SA,14.0,23.2,0,1997-12-28T00:00:00Z,97,NW monsoon
1245,1,CH,13.5,27.1,0,1998-01-02T00:00:00Z,98,NW monsoon
1221,1,SA,15.7,26.4,0,1998-01-03T00:00:00Z,98,NW monsoon
1248,1,FL,15.2,26.8,1,1998-01-15T00:00:00Z,98,NW monsoon
1275,0,FL,13.8,24.6,1,1998-01-17T00:00:00Z,98,NW monsoon
1270,0,FL,13.1,23.9,1,1998-01-25T00:00:00Z,98,NW monsoon
1286,1,J,14.0,25.0,1,1998-02-05T00:00:00Z,98,NW monsoon
1287,1,FL,15.4,25.9,1,1998-02-05T00:00:00Z,98,NW monsoon
1288,0,CH,14.4,23.7,0,1998-02-08T00:00:00Z,98,NW monsoon
1170,0,SA,14.9,25.1,1,1998-02-12T00:00:00Z,98,NW monsoon
1278,0,FL,13.2,25.5,1,1998-02-12T00:00:00Z,98,NW monsoon
1290,1,FL,14.7,26.6,1,1998-02-12T00:00:00Z,98,NW monsoon
1291,0,FL,13.0,23.5,1,1998-02-12T00:00:00Z,98,NW monsoon
1292,1,OFL,15.0,26.1,1,1998-02-12T00:00:00Z,98,NW monsoon
1293,1,CH,17.1,26.4,0,1998-02-14T00:00:00Z,98,NW monsoon
1296,1,OFL,12.0,25.6,1,1998-03-02T00:00:00Z,98,NW monsoon
1302,1,OFL,13.2,26.9,1,1998-03-10T00:00:00Z,98,NW monsoon
1304,0,SA,14.9,25.3,0,1998-03-13T00:00:00Z,98,NW monsoon
1227,0,J,12.4,25.0,1,1998-06-23T00:00:00Z,98,SE monsoon
1346,0,J,13.3,24.6,0,1998-06-23T00:00:00Z,98,SE monsoon
1347,0,A,14.6,23.0,0,1998-07-18T00:00:00Z,98,SE monsoon
1368,1,A,14.9,25.9,1,1998-07-21T00:00:00Z,98,SE monsoon
1369,0,A,15.6,24.4,1,1998-07-23T00:00:00Z,98,SE monsoon
1370,1,A,16.4,26.6,1,1998-07-23T00:00:00Z,98,SE monsoon
1348,1,CH,12.8,21.0,0,1998-07-25T00:00:00Z,98,SE monsoon
1234,1,SA,16.5,26.8,0,1998-07-26T00:00:00Z,98,SE monsoon
1380,0,A,14.5,24.5,1,1998-08-02T00:00:00Z,98,SE monsoon
1355,0,SA,15.4,25.3,0,1998-08-03T00:00:00Z,98,SE monsoon
1356,1,A,17.7,26.6,0,1998-08-05T00:00:00Z,98,SE monsoon
1381,1,A,15.6,24.8,1,1998-08-05T00:00:00Z,98,SE monsoon
1382,0,A,14.8,24.5,0,1998-08-07T00:00:00Z,98,SE monsoon
1357,1,A,16.8,26.2,0,1998-08-09T00:00:00Z,98,SE monsoon
1383,0,A,13.5,23.4,0,1998-08-11T00:00:00Z,98,SE monsoon
1384,0,CH,14.0,20.1,0,1998-08-12T00:00:00Z,98,SE monsoon
1359,1,CH,17.2,27.1,0,1998-08-16T00:00:00Z,98,SE monsoon
1385,0,CH,14.5,24.7,0,1998-08-16T00:00:00Z,98,SE monsoon
1388,0,CH,16.9,23.7,0,1998-08-16T00:00:00Z,98,SE monsoon
1386,0,A,13.8,24.0,0,1998-08-17T00:00:00Z,98,SE monsoon
1152,0,SA,14.6,24.8,1,1998-08-18T00:00:00Z,98,SE monsoon
1231,0,SA,15.5,23.8,1,1998-08-18T00:00:00Z,98,SE monsoon
1392,0,A,13.5,24.1,0,1998-08-23T00:00:00Z,98,SE monsoon
1395,1,A,15.6,24.3,1,1998-08-29T00:00:00Z,98,SE monsoon
1361,0,CH,14.1,22.9,0,1998-08-30T00:00:00Z,98,SE monsoon
1363,1,CH,12.7,23.9,0,1998-08-30T00:00:00Z,98,SE monsoon
1365,0,CH,13.9,23.1,0,1998-08-31T00:00:00Z,98,SE monsoon
1396,1,CH,13.6,20.5,0,1998-08-31T00:00:00Z,98,SE monsoon
1366,0,CH,14.6,23.8,0,1998-09-07T00:00:00Z,98,SE monsoon
1397,0,CH,11.0,19.2,0,1998-09-07T00:00:00Z,98,SE monsoon
1398,1,CH,9.2,17.7,0,1998-09-07T00:00:00Z,98,SE monsoon
1400,0,CH,15.4,24.8,0,1998-09-08T00:00:00Z,98,SE monsoon
1401,0,A,14.9,24.1,1,1998-09-09T00:00:00Z,98,SE monsoon
1410,0,J,13.9,23.5,1,1998-09-10T00:00:00Z,98,SE monsoon
1403,0,A,15.6,25.4,0,1998-09-15T00:00:00Z,98,SE monsoon
1404,0,A,14.2,26.9,0,1998-09-16T00:00:00Z,98,SE monsoon
1405,1,SA,16.0,27.2,0,1998-09-19T00:00:00Z,98,SE monsoon
1286,1,J,15.6,25.9,1,1998-09-20T00:00:00Z,98,SE monsoon
1406,0,CH,13.6,22.4,0,1998-09-20T00:00:00Z,98,SE monsoon
1407,1,CH,13.2,21.0,0,1998-09-20T00:00:00Z,98,SE monsoon
1411,0,CH,14.4,23.7,0,1998-09-20T00:00:00Z,98,SE monsoon
1412,1,J,15.9,27.2,1,1998-09-20T00:00:00Z,98,SE monsoon
1416,1,J,15.8,26.9,0,1998-09-26T00:00:00Z,98,SE monsoon
1394,1,J,14.7,25.7,1,1999-01-18T00:00:00Z,99,NW monsoon
1429,0,CH,9.4,18.9,0,1999-01-21T00:00:00Z,99,NW monsoon
1430,1,A,15.1,26.5,1,1999-01-24T00:00:00Z,99,NW monsoon
1432,0,SA,15.3,24.3,0,1999-01-28T00:00:00Z,99,NW monsoon
1433,1,CH,15.2,25.5,0,1999-04-10T00:00:00Z,99,NW monsoon
1418,0,CH,14.1,24.7,0,1999-04-12T00:00:00Z,99,NW monsoon
1419,0,CH,13.5,23.7,0,1999-04-12T00:00:00Z,99,NW monsoon
1420,1,FL,11.9,26.3,1,1999-04-15T00:00:00Z,99,NW monsoon
1421,0,FL,12.6,23.8,1,1999-04-17T00:00:00Z,99,NW monsoon
1422,0,FL,12.4,24.0,1,1999-04-19T00:00:00Z,99,NW monsoon
1423,0,CH,12.4,22.4,0,1999-04-20T00:00:00Z,99,NW monsoon
1424,1,FL,13.0,26.3,1,1999-04-20T00:00:00Z,99,NW monsoon
1425,1,FL,14.7,25.9,1,1999-04-28T00:00:00Z,99,NW monsoon
1427,1,FL,14.5,25.4,1,1999-04-30T00:00:00Z,99,NW monsoon
1434,0,FL,13.6,23.2,1,1999-05-01T00:00:00Z,99,NW monsoon
1435,1,CH,16.9,26.2,0,1999-07-04T00:00:00Z,99,SE monsoon
1437,0,SA,15.9,24.3,0,1999-07-06T00:00:00Z,99,SE monsoon
1439,0,FL,14.2,24.1,1,1999-07-13T00:00:00Z,99,SE monsoon
1485,1,A,17.3,26.6,0,1999-07-26T00:00:00Z,99,SE monsoon
1504,1,FL,15.6,28.0,1,1999-07-30T00:00:00Z,99,SE monsoon
1440,1,CH,17.4,26.0,0,1999-08-03T00:00:00Z,99,SE monsoon
1487,0,CH,15.9,23.9,0,1999-08-04T00:00:00Z,99,SE monsoon
1488,1,CH,17.3,25.3,0,1999-08-04T00:00:00Z,99,SE monsoon
1490,0,SA,15.8,25.2,1,1999-08-05T00:00:00Z,99,SE monsoon
1491,0,CH,17.1,24.5,0,1999-08-06T00:00:00Z,99,SE monsoon
1492,1,J,16.5,26.7,1,1999-08-07T00:00:00Z,99,SE monsoon
1493,1,CH,17.8,26.5,0,1999-08-10T00:00:00Z,99,SE monsoon
1486,1,CH,16.0,25.6,0,1999-08-11T00:00:00Z,99,SE monsoon
1494,1,CH,14.5,23.5,0,1999-08-11T00:00:00Z,99,SE monsoon
1496,1,CH,16.6,26.1,0,1999-08-14T00:00:00Z,99,SE monsoon
1497,1,J,15.6,25.5,0,1999-08-14T00:00:00Z,99,SE monsoon
1498,1,CH,16.4,25.6,0,1999-08-15T00:00:00Z,99,SE monsoon
1507,0,J,14.4,24.4,1,1999-08-18T00:00:00Z,99,SE monsoon
1509,1,J,15.9,26.4,0,1999-08-18T00:00:00Z,99,SE monsoon
1510,0,FL,14.0,24.3,1,1999-08-19T00:00:00Z,99,SE monsoon
1511,0,J,14.6,23.7,1,1999-08-19T00:00:00Z,99,SE monsoon
1506,0,CH,16.0,24.5,0,1999-08-21T00:00:00Z,99,SE monsoon
1514,1,FL,16.3,25.9,1,1999-08-22T00:00:00Z,99,SE monsoon
1515,1,J,15.8,26.2,1,1999-08-22T00:00:00Z,99,SE monsoon
1517,0,A,14.8,23.9,1,1999-08-29T00:00:00Z,99,SE monsoon
1516,0,CH,16.3,23.9,0,1999-09-01T00:00:00Z,99,SE monsoon
1518,0,J,14.9,23.4,1,1999-09-01T00:00:00Z,99,SE monsoon
1503,0,SA,15.8,25.2,1,1999-09-02T00:00:00Z,99,SE monsoon
1505,1,CH,17.6,26.8,0,1999-09-05T00:00:00Z,99,SE monsoon
1535,1,J,15.8,27.0,0,1999-09-05T00:00:00Z,99,SE monsoon
1522,1,CH,16.8,25.0,0,1999-09-10T00:00:00Z,99,SE monsoon
1523,1,OFL,17.4,26.8,1,1999-09-11T00:00:00Z,99,SE monsoon
1524,1,CH,12.6,22.1,0,1999-09-13T00:00:00Z,99,SE monsoon
1533,1,CH,16.5,26.2,0,1999-09-13T00:00:00Z,99,SE monsoon
1525,0,CH,15.3,25.0,0,1999-09-15T00:00:00Z,99,SE monsoon
1526,1,CH,15.3,25.8,0,1999-09-15T00:00:00Z,99,SE monsoon
1527,0,CH,15.8,24.8,0,1999-09-19T00:00:00Z,99,SE monsoon
1528,0,CH,15.0,24.4,0,1999-09-19T00:00:00Z,99,SE monsoon
1529,1,CH,18.5,26.1,0,1999-09-22T00:00:00Z,99,SE monsoon
1536,0,CH,15.5,24.0,0,1999-09-22T00:00:00Z,99,SE monsoon
1537,0,CH,11.5,20.0,0,1999-09-26T00:00:00Z,99,SE monsoon
1544,0,OFL,13.8,23.7,1,1999-11-20T00:00:00Z,99,NW monsoon
1545,1,OFL,14.6,25.1,1,1999-11-20T00:00:00Z,99,NW monsoon
1538,0,OFL,14.9,25.3,1,1999-11-21T00:00:00Z,99,NW monsoon
1547,0,J,14.2,24.1,0,1999-11-21T00:00:00Z,99,NW monsoon
1549,1,FL,10.4,26.3,1,1999-11-21T00:00:00Z,99,NW monsoon
1540,1,FL,14.3,26.2,1,1999-11-22T00:00:00Z,99,NW monsoon
1541,0,FL,12.1,24.5,1,1999-11-22T00:00:00Z,99,NW monsoon
1542,1,FL,16.1,25.8,1,1999-11-22T00:00:00Z,99,NW monsoon
1550,0,FL,14.8,24.4,1,1999-11-22T00:00:00Z,99,NW monsoon
1551,1,OFL,15.4,25.5,1,1999-11-22T00:00:00Z,99,NW monsoon
1552,0,FL,13.7,24.2,1,1999-12-01T00:00:00Z,99,NW monsoon
1553,1,FL,14.8,26.1,0,1999-12-01T00:00:00Z,99,NW monsoon
1554,1,OFL,15.2,26.6,1,1999-12-01T00:00:00Z,99,NW monsoon
1500,1,SA,14.5,25.1,0,1999-12-02T00:00:00Z,99,NW monsoon
1543,1,SA,14.9,25.3,1,1999-12-02T00:00:00Z,99,NW monsoon
1555,0,OFL,12.7,24.0,1,1999-12-02T00:00:00Z,99,NW monsoon
1556,1,FL,13.5,26.1,1,1999-12-02T00:00:00Z,99,NW monsoon
1557,1,FL,13.6,25.3,0,1999-12-02T00:00:00Z,99,NW monsoon
1558,0,FL,13.8,24.0,1,1999-12-02T00:00:00Z,99,NW monsoon
1560,0,FL,14.1,24.0,1,1999-12-02T00:00:00Z,99,NW monsoon
1561,0,FL,13.1,23.5,1,1999-12-02T00:00:00Z,99,NW monsoon
1562,0,FL,14.2,24.3,1,1999-12-03T00:00:00Z,99,NW monsoon
1563,0,SA,14.1,23.5,1,1999-12-03T00:00:00Z,99,NW monsoon
1564,1,FL,13.6,24.2,1,1999-12-03T00:00:00Z,99,NW monsoon
1565,1,OFL,14.9,24.8,1,1999-12-03T00:00:00Z,99,NW monsoon
1566,1,FL,15.4,25.5,1,1999-12-04T00:00:00Z,99,NW monsoon
1568,0,FL,13.8,23.8,0,1999-12-05T00:00:00Z,99,NW monsoon
1569,1,A,15.5,26.1,1,1999-12-06T00:00:00Z,99,NW monsoon
1570,1,FL,14.0,25.2,0,1999-12-06T00:00:00Z,99,NW monsoon
1503,0,A,13.9,24.5,1,1999-12-07T00:00:00Z,99,NW monsoon
1499,1,A,16.7,25.1,1,2002-07-18T00:00:00Z,2002,SE monsoon
1511,0,A,13.6,23.8,1,2002-07-18T00:00:00Z,2002,SE monsoon
1510,0,A,14.5,23.9,0,2002-07-19T00:00:00Z,2002,SE monsoon
1415,0,A,15.2,23.8,0,2002-07-20T00:00:00Z,2002,SE monsoon
1396,1,A,16.7,24.7,0,2002-07-21T00:00:00Z,2002,SE monsoon
1531,0,A,13.5,24.6,1,2002-07-21T00:00:00Z,2002,SE monsoon
1359,1,A,17.0,27.1,0,2002-07-22T00:00:00Z,2002,SE monsoon
1506,0,A,16.9,24.6,0,2002-07-22T00:00:00Z,2002,SE monsoon
1532,0,A,17.3,24.1,0,2002-07-22T00:00:00Z,2002,SE monsoon
1244,0,A,15.9,22.5,0,2002-07-24T00:00:00Z,2002,SE monsoon
1533,1,A,17.4,26.4,0,2002-07-28T00:00:00Z,2002,SE monsoon
1425,1,A,17.4,25.6,0,2002-07-30T00:00:00Z,2002,SE monsoon
1209,1,A,13.4,25.2,0,2002-07-31T00:00:00Z,2002,SE monsoon
1543,1,A,16.9,25.6,1,2002-08-02T00:00:00Z,2002,SE monsoon
1268,1,A,16.7,25.0,0,2002-08-12T00:00:00Z,2002,SE monsoon
1438,0,A,15.7,23.5,0,2002-08-17T00:00:00Z,2002,SE monsoon
1570,1,A,17.5,26.5,1,2002-08-22T00:00:00Z,2002,SE monsoon
1569,1,A,16.5,25.5,0,2002-08-23T00:00:00Z,2002,SE monsoon
1500,1,A,17.0,25.2,0,2002-08-29T00:00:00Z,2002,SE monsoon
1566,1,A,16.5,25.6,0,2002-09-01T00:00:00Z,2002,SE monsoon
1542,1,A,17.0,25.6,0,2002-09-04T00:00:00Z,2002,SE monsoon
1485,1,A,17.5,27.2,0,2002-09-10T00:00:00Z,2002,SE monsoon
1396,1,A,16.0,24.4,0,2002-09-11T00:00:00Z,2002,SE monsoon
1510,0,A,15.0,24.6,0,2002-09-11T00:00:00Z,2002,SE monsoon
1390,0,A,15.5,24.4,0,2002-09-12T00:00:00Z,2002,SE monsoon
1504,1,A,17.0,25.2,0,2002-09-12T00:00:00Z,2002,SE monsoon
1552,0,A,16.9,24.0,0,2002-09-12T00:00:00Z,2002,SE monsoon
1244,0,A,15.9,22.5,0,2002-09-18T00:00:00Z,2002,SE monsoon
1553,1,A,15.0,26.0,0,2002-09-18T00:00:00Z,2002,SE monsoon
1508,0,A,16.5,23.8,0,2002-09-19T00:00:00Z,2002,SE monsoon
1523,1,A,18.5,26.9,1,2002-09-23T00:00:00Z,2002,SE monsoon
1287,1,A,17.1,25.9,0,2003-06-08T00:00:00Z,2003,SE monsoon
1543,1,A,16.5,25.4,1,2003-06-15T00:00:00Z,2003,SE monsoon
1504,1,A,17.0,27.7,0,2003-06-17T00:00:00Z,2003,SE monsoon
1553,1,A,15.4,26.2,0,2003-06-17T00:00:00Z,2003,SE monsoon
1361,0,A,13.9,23.9,1,2003-06-18T00:00:00Z,2003,SE monsoon
1509,1,A,16.8,26.1,0,2003-06-22T00:00:00Z,2003,SE monsoon
1419,0,A,13.8,23.8,0,2003-06-24T00:00:00Z,2003,SE monsoon
1506,0,A,14.9,24.0,0,2003-06-25T00:00:00Z,2003,SE monsoon
1396,1,A,16.4,25.0,1,2003-06-28T00:00:00Z,2003,SE monsoon
1510,0,A,14.0,24.1,0,2003-06-28T00:00:00Z,2003,SE monsoon
1355,0,A,15.4,25.2,0,2003-06-29T00:00:00Z,2003,SE monsoon
1539,1,A,16.0,25.6,0,2003-07-09T00:00:00Z,2003,SE monsoon
1540,1,A,16.2,25.7,0,2003-07-09T00:00:00Z,2003,SE monsoon
1570,1,A,15.5,26.0,0,2003-07-09T00:00:00Z,2003,SE monsoon
1538,0,A,15.8,24.8,0,2003-07-10T00:00:00Z,2003,SE monsoon
1214,1,A,15.4,25.8,0,2003-07-11T00:00:00Z,2003,SE monsoon
1394,1,A,16.2,25.6,0,2003-07-15T00:00:00Z,2003,SE monsoon
1494,1,A,17.0,24.4,1,2003-07-15T00:00:00Z,2003,SE monsoon
1429,0,A,14.7,23.5,0,2003-07-31T00:00:00Z,2003,SE monsoon
1587,1,A,16.9,25.8,0,2003-07-31T00:00:00Z,2003,SE monsoon
1369,0,A,14.9,24.6,0,2003-08-04T00:00:00Z,2003,SE monsoon
1244,0,A,15.6,23.0,0,2003-08-07T00:00:00Z,2003,SE monsoon
1533,1,A,16.2,26.8,1,2003-08-18T00:00:00Z,2003,SE monsoon
1491,0,A,15.3,24.4,0,2003-08-19T00:00:00Z,2003,SE monsoon
1503,0,A,15.4,25.0,0,2003-08-27T00:00:00Z,2003,SE monsoon
1501,0,A,14.6,24.4,1,2003-12-14T00:00:00Z,2003,NW monsoon
1356,1,A,17.2,26.5,0,2003-12-20T00:00:00Z,2003,NW monsoon
1509,1,A,17.0,26.0,1,2003-12-22T00:00:00Z,2003,NW monsoon
1550,0,A,14.1,24.3,0,2003-12-22T00:00:00Z,2003,NW monsoon
1401,0,A,15.0,24.2,1,2003-12-23T00:00:00Z,2003,NW monsoon
1381,1,A,14.5,24.5,1,2003-12-27T00:00:00Z,2003,NW monsoon
1358,1,A,17.6,27.4,1,2004-01-03T00:00:00Z,2004,SE monsoon
1485,1,A,17.1,26.8,0,2004-06-08T00:00:00Z,2004,SE monsoon
1532,0,A,14.4,24.0,0,2004-06-08T00:00:00Z,2004,SE monsoon
1368,1,A,15.8,25.9,0,2004-06-11T00:00:00Z,2004,SE monsoon
1244,0,S,15.0,22.0,0,2004-06-30T00:00:00Z,2004,SE monsoon
1346,0,A,15.1,24.7,0,2004-07-05T00:00:00Z,2004,SE monsoon
1275,0,A,15.6,24.5,1,2004-07-06T00:00:00Z,2004,SE monsoon
1415,0,A,15.9,23.8,0,2004-07-26T00:00:00Z,2004,SE monsoon
1361,0,A,16.4,24.0,0,2004-07-31T00:00:00Z,2004,SE monsoon
1570,1,A,16.9,26.0,0,2004-07-31T00:00:00Z,2004,SE monsoon
1501,0,A,14.9,24.6,0,2004-08-05T00:00:00Z,2004,SE monsoon
1559,0,A,15.4,23.5,1,2004-08-09T00:00:00Z,2004,SE monsoon
1541,0,A,16.2,24.2,1,2004-08-12T00:00:00Z,2004,SE monsoon
1506,0,A,16.4,23.8,0,2004-08-15T00:00:00Z,2004,SE monsoon
1509,1,A,16.8,25.8,0,2004-12-19T00:00:00Z,2004,NW monsoon
1356,1,S,17.3,26.1,0,2004-12-30T00:00:00Z,2004,NW monsoon
1494,1,A,16.3,23.9,1,2005-01-02T00:00:00Z,2005,NW monsoon
3445,1,FL,15.6,26.8,1,2005-06-05T00:00:00Z,2005,SE monsoon
3448,1,FL,16.2,25.9,1,2005-06-07T00:00:00Z,2005,SE monsoon
3449,0,FL,12.8,23.8,1,2005-06-10T00:00:00Z,2005,SE monsoon
3450,0,FL,13.9,24.4,1,2005-06-10T00:00:00Z,2005,SE monsoon
3451,0,FL,14.0,24.2,1,2005-06-12T00:00:00Z,2005,SE monsoon
3457,1,FL,15.0,25.2,1,2005-06-14T00:00:00Z,2005,SE monsoon
1437,0,A,15.5,24.2,0,2005-06-15T00:00:00Z,2005,SE monsoon
3455,0,FL,14.0,23.7,1,2005-06-15T00:00:00Z,2005,SE monsoon
3461,0,FL,15.0,23.9,1,2005-06-15T00:00:00Z,2005,SE monsoon
3462,0,FL,15.0,24.4,1,2005-06-15T00:00:00Z,2005,SE monsoon
3458,1,OFL,15.0,27.0,1,2005-06-17T00:00:00Z,2005,SE monsoon
3459,1,FL,15.5,26.8,1,2005-06-17T00:00:00Z,2005,SE monsoon
3460,1,FL,14.9,26.2,1,2005-06-17T00:00:00Z,2005,SE monsoon
1501,0,A,16.6,24.5,0,2005-07-13T00:00:00Z,2005,SE monsoon
1543,1,A,15.5,25.1,1,2005-07-13T00:00:00Z,2005,SE monsoon
3489,1,OFL,15.9,26.1,1,2005-07-13T00:00:00Z,2005,SE monsoon
3490,0,OFL,14.8,25.1,1,2005-07-13T00:00:00Z,2005,SE monsoon
1523,1,A,18.1,25.9,0,2005-07-14T00:00:00Z,2005,SE monsoon
3488,0,OFL,15.6,24.2,1,2005-07-14T00:00:00Z,2005,SE monsoon
3491,0,FL,14.9,23.4,0,2005-07-17T00:00:00Z,2005,SE monsoon
3497,0,OFL,15.0,24.1,0,2005-07-18T00:00:00Z,2005,SE monsoon
3500,0,OFL,14.9,24.0,0,2005-07-18T00:00:00Z,2005,SE monsoon
1504,1,A,16.5,27.4,0,2005-07-19T00:00:00Z,2005,SE monsoon
3498,0,FL,13.9,24.1,1,2005-07-19T00:00:00Z,2005,SE monsoon
1536,0,A,12.2,23.7,1,2005-07-26T00:00:00Z,2005,SE monsoon
3499,0,FL,14.1,24.5,1,2005-07-26T00:00:00Z,2005,SE monsoon
3503,0,FL,14.5,24.6,1,2005-07-26T00:00:00Z,2005,SE monsoon
3504,1,CH,15.6,25.9,0,2005-07-26T00:00:00Z,2005,SE monsoon
3501,0,OFL,14.9,24.0,1,2005-07-27T00:00:00Z,2005,SE monsoon
3502,0,OFL,15.4,24.0,1,2005-07-27T00:00:00Z,2005,SE monsoon
3505,0,OFL,14.1,23.6,1,2005-07-28T00:00:00Z,2005,SE monsoon
1587,1,A,17.5,25.7,0,2005-07-29T00:00:00Z,2005,SE monsoon
3506,0,OFL,14.9,23.8,1,2005-07-29T00:00:00Z,2005,SE monsoon
3509,0,J,13.4,24.5,1,2005-07-30T00:00:00Z,2005,SE monsoon
1523,1,A,18.0,26.6,0,2005-08-01T00:00:00Z,2005,SE monsoon
3511,1,OFL,15.9,25.7,1,2005-08-01T00:00:00Z,2005,SE monsoon
3515,1,OFL,15.8,25.2,1,2005-08-01T00:00:00Z,2005,SE monsoon
3512,0,CH,14.5,23.8,0,2005-08-02T00:00:00Z,2005,SE monsoon
3510,0,OFL,14.0,23.9,1,2005-08-03T00:00:00Z,2005,SE monsoon
3513,0,OFL,14.1,24.7,1,2005-08-04T00:00:00Z,2005,SE monsoon
1504,1,A,17.0,27.5,0,2005-08-07T00:00:00Z,2005,SE monsoon
1523,1,A,17.5,26.6,0,2005-08-08T00:00:00Z,2005,SE monsoon
3488,0,OFL,16.0,24.7,1,2005-08-08T00:00:00Z,2005,SE monsoon
3457,1,OFL,16.0,25.4,1,2005-08-15T00:00:00Z,2005,SE monsoon
3517,0,CH,13.8,21.2,0,2005-08-15T00:00:00Z,2005,SE monsoon
3518,0,CH,15.0,24.0,0,2005-08-15T00:00:00Z,2005,SE monsoon
3520,0,OFL,15.0,24.5,1,2005-08-15T00:00:00Z,2005,SE monsoon
3516,0,OFL,16.0,24.5,1,2005-08-16T00:00:00Z,2005,SE monsoon
3519,1,CH,17.1,26.2,0,2005-08-17T00:00:00Z,2005,SE monsoon
3521,1,CH,16.4,24.8,0,2005-08-17T00:00:00Z,2005,SE monsoon
3564,1,OFL,17.0,25.2,1,2005-08-19T00:00:00Z,2005,SE monsoon
1501,0,A,16.0,24.5,0,2005-08-20T00:00:00Z,2005,SE monsoon
3569,0,CH,16.5,23.4,0,2005-08-20T00:00:00Z,2005,SE monsoon
3572,1,CH,17.0,25.4,0,2005-08-20T00:00:00Z,2005,SE monsoon
3575,1,CH,16.0,24.9,0,2005-08-20T00:00:00Z,2005,SE monsoon
1412,1,S,16.5,25.8,0,2005-08-23T00:00:00Z,2005,SE monsoon
3574,0,CH,14.5,22.8,0,2005-08-23T00:00:00Z,2005,SE monsoon
1384,0,S,16.0,23.5,1,2005-08-24T00:00:00Z,2005,SE monsoon
1499,1,A,15.7,25.2,0,2005-08-24T00:00:00Z,2005,SE monsoon
3565,1,CH,16.1,24.3,0,2005-08-25T00:00:00Z,2005,SE monsoon
3566,0,CH,15.0,22.4,0,2005-08-25T00:00:00Z,2005,SE monsoon
3568,0,CH,14.5,22.6,0,2005-08-25T00:00:00Z,2005,SE monsoon
3570,1,CH,17.5,24.9,0,2005-08-25T00:00:00Z,2005,SE monsoon
3571,0,CH,12.0,22.0,0,2005-08-25T00:00:00Z,2005,SE monsoon
3573,1,CH,13.6,23.7,0,2005-08-25T00:00:00Z,2005,SE monsoon
3576,1,CH,15.2,24.5,0,2005-08-25T00:00:00Z,2005,SE monsoon
3578,1,CH,16.5,23.5,0,2005-08-26T00:00:00Z,2005,SE monsoon
3580,0,CH,14.9,22.9,0,2005-08-26T00:00:00Z,2005,SE monsoon
3581,0,CH,16.1,23.4,0,2005-08-27T00:00:00Z,2005,SE monsoon
1532,0,A,14.1,24.2,0,2005-08-28T00:00:00Z,2005,SE monsoon
3590,0,CH,13.4,22.3,0,2005-08-29T00:00:00Z,2005,SE monsoon
1419,0,A,14.4,23.8,0,2005-08-30T00:00:00Z,2005,SE monsoon
3591,0,CH,16.4,24.3,0,2005-08-30T00:00:00Z,2005,SE monsoon
1346,0,S,14.5,24.7,0,2005-09-02T00:00:00Z,2005,SE monsoon
3593,1,CH,15.9,25.5,0,2005-09-03T00:00:00Z,2005,SE monsoon
3594,0,CH,16.8,25.7,0,2005-09-03T00:00:00Z,2005,SE monsoon
3595,0,CH,14.8,23.0,0,2005-09-03T00:00:00Z,2005,SE monsoon
3596,0,CH,15.0,22.9,0,2005-09-03T00:00:00Z,2005,SE monsoon
3597,0,CH,14.2,23.3,0,2005-09-03T00:00:00Z,2005,SE monsoon
3598,0,CH,15.8,23.7,0,2005-09-04T00:00:00Z,2005,SE monsoon
3599,1,CH,17.2,24.5,0,2005-09-06T00:00:00Z,2005,SE monsoon
1429,0,A,14.0,23.1,0,2005-09-08T00:00:00Z,2005,SE monsoon
1553,1,A,16.2,26.2,0,2005-09-08T00:00:00Z,2005,SE monsoon
3459,1,OFL,16.0,26.9,1,2005-09-08T00:00:00Z,2005,SE monsoon
3602,1,CH,17.8,25.9,0,2005-09-10T00:00:00Z,2005,SE monsoon
3603,0,CH,15.0,22.6,0,2005-09-10T00:00:00Z,2005,SE monsoon
3606,0,CH,14.5,22.4,0,2005-09-10T00:00:00Z,2005,SE monsoon
3600,1,CH,17.2,25.5,0,2005-09-11T00:00:00Z,2005,SE monsoon
3601,1,CH,16.5,24.6,0,2005-09-11T00:00:00Z,2005,SE monsoon
3604,0,CH,14.4,24.5,0,2005-09-11T00:00:00Z,2005,SE monsoon
3611,0,CH,12.0,23.1,0,2005-09-17T00:00:00Z,2005,SE monsoon
3613,0,CH,14.0,23.8,0,2005-09-17T00:00:00Z,2005,SE monsoon
3612,1,CH,15.0,24.9,0,2005-09-20T00:00:00Z,2005,SE monsoon
3614,1,CH,15.0,23.9,0,2005-09-30T00:00:00Z,2005,SE monsoon
1509,1,A,17.0,25.8,1,2005-11-13T00:00:00Z,2005,NW monsoon
1542,1,A,16.0,25.9,1,2005-11-14T00:00:00Z,2005,NW monsoon
3576,1,FL,14.3,26.0,1,2005-11-14T00:00:00Z,2005,NW monsoon
1504,1,A,16.0,27.4,0,2005-11-19T00:00:00Z,2005,NW monsoon
1558,0,A,14.4,24.3,0,2005-11-19T00:00:00Z,2005,NW monsoon
3616,0,CH,12.8,23.4,0,2005-11-19T00:00:00Z,2005,NW monsoon
3617,1,FL,13.7,24.1,0,2005-11-19T00:00:00Z,2005,NW monsoon
1543,1,A,16.0,25.7,0,2005-11-20T00:00:00Z,2005,NW monsoon
1429,0,A,13.1,22.9,1,2005-11-26T00:00:00Z,2005,NW monsoon
3458,1,A,15.6,26.7,1,2005-11-26T00:00:00Z,2005,NW monsoon
3460,1,SA,15.5,25.8,1,2005-11-26T00:00:00Z,2005,NW monsoon
3643,1,FL,13.7,25.5,1,2005-11-27T00:00:00Z,2005,NW monsoon
1512,1,A,16.8,25.7,0,2005-11-28T00:00:00Z,2005,NW monsoon
3511,1,SA,18.5,26.5,1,2005-11-28T00:00:00Z,2005,NW monsoon
3644,1,FL,14.5,26.0,1,2005-11-28T00:00:00Z,2005,NW monsoon
3646,0,FL,14.1,24.4,1,2005-11-28T00:00:00Z,2005,NW monsoon
3647,1,FL,13.4,25.2,1,2005-11-28T00:00:00Z,2005,NW monsoon
3503,0,OFL,15.0,24.6,1,2005-11-29T00:00:00Z,2005,NW monsoon
3648,0,OFL,14.1,22.6,1,2005-11-29T00:00:00Z,2005,NW monsoon
1523,1,A,18.0,25.6,1,2005-11-30T00:00:00Z,2005,NW monsoon
3651,1,FL,14.0,26.4,1,2005-11-30T00:00:00Z,2005,NW monsoon
3652,0,FL,12.7,23.0,1,2005-11-30T00:00:00Z,2005,NW monsoon
3591,0,FL,13.0,25.1,1,2005-12-03T00:00:00Z,2005,NW monsoon
3689,1,FL,14.1,25.0,1,2005-12-04T00:00:00Z,2005,NW monsoon
3692,0,OFL,15.8,23.7,1,2005-12-05T00:00:00Z,2005,NW monsoon
3695,0,FL,13.1,25.5,1,2005-12-06T00:00:00Z,2005,NW monsoon
3699,0,FL,14.0,24.1,1,2005-12-07T00:00:00Z,2005,NW monsoon
1412,1,S,17.0,25.9,1,2005-12-08T00:00:00Z,2005,NW monsoon
3700,0,SA,14.0,23.6,1,2005-12-08T00:00:00Z,2005,NW monsoon
1541,0,A,15.2,24.1,1,2005-12-09T00:00:00Z,2005,NW monsoon
4802,1,J,15.2,25.4,1,2006-03-15T00:00:00Z,2006,NW monsoon
3699,0,A,14.4,24.1,1,2006-03-16T00:00:00Z,2006,NW monsoon
3489,1,SA,16.8,26.1,0,2006-03-17T00:00:00Z,2006,NW monsoon
3518,0,SA,15.0,24.2,1,2006-03-17T00:00:00Z,2006,NW monsoon
3612,1,SA,14.3,26.0,1,2006-03-17T00:00:00Z,2006,NW monsoon
3451,0,A,15.2,25.4,1,2006-03-21T00:00:00Z,2006,NW monsoon
3497,0,A,14.7,25.3,0,2006-03-21T00:00:00Z,2006,NW monsoon
3515,1,A,17.8,26.1,1,2006-03-21T00:00:00Z,2006,NW monsoon
4829,1,FL,14.4,24.7,1,2006-06-22T00:00:00Z,2006,SE monsoon
3486,1,SA,16.0,26.2,1,2006-07-02T00:00:00Z,2006,SE monsoon
3594,0,SA,16.0,26.4,1,2006-07-02T00:00:00Z,2006,SE monsoon
4855,0,FL,17.5,23.1,1,2006-07-02T00:00:00Z,2006,SE monsoon
4860,1,FL,16.0,26.3,1,2006-07-10T00:00:00Z,2006,SE monsoon
4862,0,SA,14.5,22.5,1,2006-07-17T00:00:00Z,2006,SE monsoon
4863,0,J,13.0,23.4,0,2006-07-17T00:00:00Z,2006,SE monsoon
1559,0,A,15.0,23.7,1,2006-07-18T00:00:00Z,2006,SE monsoon
3603,0,SA,14.5,23.4,1,2006-07-20T00:00:00Z,2006,SE monsoon
4866,1,SA,15.5,25.9,1,2006-07-20T00:00:00Z,2006,SE monsoon
4867,0,J,15.5,24.9,1,2006-07-20T00:00:00Z,2006,SE monsoon
4868,0,J,16.5,23.9,1,2006-07-20T00:00:00Z,2006,SE monsoon
3520,0,A,16.5,24.4,0,2006-07-26T00:00:00Z,2006,SE monsoon
3497,0,A,15.5,24.3,1,2006-07-27T00:00:00Z,2006,SE monsoon
1536,0,A,16.0,24.1,0,2006-07-28T00:00:00Z,2006,SE monsoon
3578,1,SA,17.8,24.8,1,2006-07-28T00:00:00Z,2006,SE monsoon
4870,0,OFL,14.8,24.2,1,2006-07-28T00:00:00Z,2006,SE monsoon
4871,0,J,16.0,24.3,1,2006-07-28T00:00:00Z,2006,SE monsoon
3486,1,A,16.6,26.4,0,2006-08-03T00:00:00Z,2006,SE monsoon
3578,1,SA,18.0,24.4,1,2006-08-03T00:00:00Z,2006,SE monsoon
3590,0,SA,14.7,23.5,1,2006-08-04T00:00:00Z,2006,SE monsoon
3569,0,SA,15.5,23.2,1,2006-08-06T00:00:00Z,2006,SE monsoon
4873,1,SA,15.9,25.5,1,2006-08-06T00:00:00Z,2006,SE monsoon
3462,0,A,16.9,24.4,1,2006-08-07T00:00:00Z,2006,SE monsoon
4874,0,OFL,13.9,22.7,1,2006-08-07T00:00:00Z,2006,SE monsoon
1419,0,S,15.1,23.5,0,2006-08-08T00:00:00Z,2006,SE monsoon
1510,0,S,14.8,24.0,0,2006-08-08T00:00:00Z,2006,SE monsoon
1415,0,S,14.8,24.2,0,2006-08-09T00:00:00Z,2006,SE monsoon
4876,0,J,14.0,23.9,1,2006-08-09T00:00:00Z,2006,SE monsoon
3606,0,SA,15.6,24.0,0,2006-08-12T00:00:00Z,2006,SE monsoon
4878,0,J,14.4,23.8,1,2006-08-12T00:00:00Z,2006,SE monsoon
4881,1,SA,18.0,26.3,0,2006-08-12T00:00:00Z,2006,SE monsoon
1566,1,A,17.2,25.5,0,2006-08-13T00:00:00Z,2006,SE monsoon
3516,0,SA,15.8,24.8,1,2006-08-13T00:00:00Z,2006,SE monsoon
3576,1,SA,16.2,25.9,1,2006-08-14T00:00:00Z,2006,SE monsoon
3643,1,SA,15.9,25.9,1,2006-08-14T00:00:00Z,2006,SE monsoon
3644,1,A,17.0,26.3,1,2006-08-15T00:00:00Z,2006,SE monsoon
1356,1,S,17.2,26.2,0,2006-08-16T00:00:00Z,2006,SE monsoon
4886,1,J,17.2,26.3,1,2006-08-16T00:00:00Z,2006,SE monsoon
1401,0,S,20.2,24.0,0,2006-08-17T00:00:00Z,2006,SE monsoon
3573,1,SA,15.2,24.8,1,2006-08-22T00:00:00Z,2006,SE monsoon
3617,1,SA,16.9,24.3,1,2006-08-29T00:00:00Z,2006,SE monsoon
1523,1,S,17.8,26.2,0,2006-08-30T00:00:00Z,2006,SE monsoon
4871,0,J,14.5,24.5,1,2006-08-30T00:00:00Z,2006,SE monsoon
4901,0,FL,14.2,24.9,0,2006-08-30T00:00:00Z,2006,SE monsoon
1384,0,S,15.2,23.4,0,2006-09-01T00:00:00Z,2006,SE monsoon
4878,0,J,14.5,24.3,1,2006-09-02T00:00:00Z,2006,SE monsoon
4855,0,SA,12.8,23.1,0,2007-01-06T00:00:00Z,2007,NW monsoon
4889,1,OFL,14.5,26.6,1,2007-01-06T00:00:00Z,2007,NW monsoon
4938,0,J,14.4,24.8,1,2007-01-06T00:00:00Z,2007,NW monsoon
4939,1,SA,16.3,25.6,1,2007-01-06T00:00:00Z,2007,NW monsoon
3498,0,A,13.2,24.2,0,2007-01-07T00:00:00Z,2007,NW monsoon
3489,1,A,17.0,25.8,1,2007-01-08T00:00:00Z,2007,NW monsoon
4940,1,J,14.0,26.0,1,2007-01-08T00:00:00Z,2007,NW monsoon
3576,1,SA,15.3,26.2,0,2007-01-09T00:00:00Z,2007,NW monsoon
3646,0,SA,15.7,24.9,1,2007-01-09T00:00:00Z,2007,NW monsoon
4873,1,SA,15.2,25.2,0,2007-01-09T00:00:00Z,2007,NW monsoon
4941,0,J,12.0,24.4,1,2007-01-09T00:00:00Z,2007,NW monsoon
4943,1,J,15.1,25.8,1,2007-01-09T00:00:00Z,2007,NW monsoon
4944,1,J,15.0,25.7,1,2007-01-10T00:00:00Z,2007,NW monsoon
4945,1,J,15.4,26.8,0,2007-01-10T00:00:00Z,2007,NW monsoon
4946,1,J,14.9,26.5,1,2007-01-10T00:00:00Z,2007,NW monsoon
4947,1,J,15.6,26.5,1,2007-01-10T00:00:00Z,2007,NW monsoon
4948,1,J,15.1,25.8,1,2007-01-11T00:00:00Z,2007,NW monsoon
4949,0,SA,14.1,24.6,1,2007-01-11T00:00:00Z,2007,NW monsoon
4951,1,J,16.0,25.8,1,2007-01-12T00:00:00Z,2007,NW monsoon
4952,0,J,13.2,23.0,1,2007-01-12T00:00:00Z,2007,NW monsoon
3570,1,SA,16.8,26.4,0,2007-01-13T00:00:00Z,2007,NW monsoon
4953,1,J,15.0,25.9,1,2007-01-13T00:00:00Z,2007,NW monsoon
4954,1,SA,16.8,26.5,1,2007-01-13T00:00:00Z,2007,NW monsoon
4955,1,J,15.1,25.3,1,2007-01-13T00:00:00Z,2007,NW monsoon
4956,0,SA,13.8,23.3,1,2007-01-13T00:00:00Z,2007,NW monsoon
1494,1,S,16.3,24.0,0,2007-01-14T00:00:00Z,2007,NW monsoon
3518,0,A,14.8,24.2,0,2007-01-14T00:00:00Z,2007,NW monsoon
4957,1,J,14.6,25.2,1,2007-01-14T00:00:00Z,2007,NW monsoon
4958,0,FL,14.4,25.4,1,2007-01-14T00:00:00Z,2007,NW monsoon
4959,1,SA,16.2,26.4,0,2007-01-14T00:00:00Z,2007,NW monsoon
4960,0,J,13.4,23.8,1,2007-01-16T00:00:00Z,2007,NW monsoon
4961,0,J,14.4,24.4,1,2007-01-16T00:00:00Z,2007,NW monsoon
4962,1,J,15.8,26.2,1,2007-01-17T00:00:00Z,2007,NW monsoon
4963,1,J,14.8,25.0,1,2007-01-17T00:00:00Z,2007,NW monsoon
4964,0,J,15.0,24.0,0,2007-01-18T00:00:00Z,2007,NW monsoon
4965,0,J,15.2,24.4,1,2007-01-18T00:00:00Z,2007,NW monsoon
4966,1,J,14.0,25.4,1,2007-01-22T00:00:00Z,2007,NW monsoon
3572,1,SA,18.3,26.2,1,2007-01-23T00:00:00Z,2007,NW monsoon
4968,0,FL,13.8,23.5,1,2007-01-23T00:00:00Z,2007,NW monsoon
4969,0,FL,14.2,24.5,1,2007-01-24T00:00:00Z,2007,NW monsoon
4970,0,FL,13.9,25.1,1,2007-01-24T00:00:00Z,2007,NW monsoon
3699,0,A,13.9,24.7,1,2007-01-25T00:00:00Z,2007,NW monsoon
4898,0,J,14.4,24.4,1,2007-01-25T00:00:00Z,2007,NW monsoon
4972,1,J,15.2,25.7,1,2007-01-25T00:00:00Z,2007,NW monsoon
4973,0,FL,15.0,24.5,1,2007-01-25T00:00:00Z,2007,NW monsoon
4974,0,FL,12.6,24.0,1,2007-01-25T00:00:00Z,2007,NW monsoon
1305,0,S,14.8,24.2,0,2007-01-26T00:00:00Z,2007,NW monsoon
1559,0,S,14.8,24.4,0,2007-06-13T00:00:00Z,2007,SE monsoon
4829,1,SA,16.8,25.3,0,2007-06-13T00:00:00Z,2007,SE monsoon
1415,0,S,14.6,24.5,0,2007-06-15T00:00:00Z,2007,SE monsoon
4876,0,SA,13.7,24.8,1,2007-06-15T00:00:00Z,2007,SE monsoon
4879,1,SA,16.2,25.8,0,2007-06-16T00:00:00Z,2007,SE monsoon
4934,1,SA,17.8,26.5,1,2007-06-17T00:00:00Z,2007,SE monsoon
4999,0,OFL,14.9,26.5,0,2007-06-17T00:00:00Z,2007,SE monsoon
5000,1,SA,15.9,26.0,1,2007-06-18T00:00:00Z,2007,SE monsoon
3486,1,A,16.8,26.2,0,2007-06-19T00:00:00Z,2007,SE monsoon
3501,0,A,14.9,24.1,0,2007-06-20T00:00:00Z,2007,SE monsoon
4886,1,SA,16.0,25.6,1,2007-06-20T00:00:00Z,2007,SE monsoon
5008,1,J,15.5,24.4,1,2007-06-21T00:00:00Z,2007,SE monsoon
5009,0,SA,14.3,24.9,1,2007-06-21T00:00:00Z,2007,SE monsoon
1532,0,S,14.2,23.9,0,2007-07-17T00:00:00Z,2007,SE monsoon
4870,0,SA,13.9,24.0,0,2007-07-17T00:00:00Z,2007,SE monsoon
4939,1,SA,15.9,25.6,0,2007-07-17T00:00:00Z,2007,SE monsoon
4969,0,SA,14.2,24.5,1,2007-07-17T00:00:00Z,2007,SE monsoon
5071,1,FL,15.5,26.4,1,2007-07-17T00:00:00Z,2007,SE monsoon
1503,0,S,17.0,24.5,1,2007-07-19T00:00:00Z,2007,SE monsoon
4888,1,SA,17.5,25.3,1,2007-07-19T00:00:00Z,2007,SE monsoon
5072,1,J,16.3,25.1,0,2007-07-19T00:00:00Z,2007,SE monsoon
5073,0,SA,14.4,23.5,1,2007-07-19T00:00:00Z,2007,SE monsoon
1384,0,S,14.9,23.0,0,2007-07-20T00:00:00Z,2007,SE monsoon
4973,0,SA,14.9,23.8,1,2007-07-20T00:00:00Z,2007,SE monsoon
5009,0,SA,13.7,24.9,1,2007-07-20T00:00:00Z,2007,SE monsoon
5074,0,J,13.1,24.0,1,2007-07-20T00:00:00Z,2007,SE monsoon
5075,0,SA,14.1,23.5,0,2007-07-20T00:00:00Z,2007,SE monsoon
3515,1,A,15.7,25.0,0,2007-07-21T00:00:00Z,2007,SE monsoon
4960,0,J,14.5,24.0,1,2007-07-21T00:00:00Z,2007,SE monsoon
5076,1,J,14.8,25.9,1,2007-07-21T00:00:00Z,2007,SE monsoon
4936,0,SA,13.8,23.8,0,2007-07-22T00:00:00Z,2007,SE monsoon
3517,0,A,14.4,24.0,0,2007-07-24T00:00:00Z,2007,SE monsoon
4870,0,A,14.7,23.7,1,2007-07-24T00:00:00Z,2007,SE monsoon
4883,0,SA,14.5,24.2,1,2007-07-24T00:00:00Z,2007,SE monsoon
4910,0,SA,13.7,23.4,1,2007-07-24T00:00:00Z,2007,SE monsoon
4918,1,SA,15.6,26.2,1,2007-07-24T00:00:00Z,2007,SE monsoon
4894,1,SA,16.2,25.4,0,2007-07-25T00:00:00Z,2007,SE monsoon
5077,1,J,14.5,24.7,1,2007-07-25T00:00:00Z,2007,SE monsoon
5078,1,SA,15.6,25.2,0,2007-07-25T00:00:00Z,2007,SE monsoon
1244,0,S,15.1,23.2,1,2007-07-26T00:00:00Z,2007,SE monsoon
3505,0,A,14.0,23.6,0,2007-07-26T00:00:00Z,2007,SE monsoon
4871,0,A,16.0,24.5,1,2007-07-26T00:00:00Z,2007,SE monsoon
4876,0,A,13.5,23.1,0,2007-07-26T00:00:00Z,2007,SE monsoon
4892,1,SA,16.1,25.7,1,2007-07-26T00:00:00Z,2007,SE monsoon
5079,0,A,15.8,24.7,1,2007-07-26T00:00:00Z,2007,SE monsoon
1533,1,S,16.5,26.1,0,2007-07-27T00:00:00Z,2007,SE monsoon
3580,0,A,14.9,24.2,0,2007-07-27T00:00:00Z,2007,SE monsoon
4884,1,SA,15.9,26.6,0,2007-07-27T00:00:00Z,2007,SE monsoon
4954,1,A,16.0,26.2,0,2007-07-27T00:00:00Z,2007,SE monsoon
5080,0,J,14.3,24.7,1,2007-07-27T00:00:00Z,2007,SE monsoon
3596,0,A,15.5,24.0,1,2007-07-30T00:00:00Z,2007,SE monsoon
5099,1,SA,17.0,25.8,1,2007-08-04T00:00:00Z,2007,SE monsoon
5116,1,SA,16.2,26.1,1,2007-08-12T00:00:00Z,2007,SE monsoon
3445,1,A,16.8,26.6,0,2007-08-15T00:00:00Z,2007,SE monsoon
3490,0,A,15.6,24.8,1,2007-08-15T00:00:00Z,2007,SE monsoon
3519,1,A,16.7,26.7,0,2007-08-15T00:00:00Z,2007,SE monsoon
4870,0,A,14.4,24.3,0,2007-08-15T00:00:00Z,2007,SE monsoon
4948,1,SA,16.3,26.0,1,2007-08-16T00:00:00Z,2007,SE monsoon
5118,1,SA,16.1,25.0,1,2007-08-16T00:00:00Z,2007,SE monsoon
4912,0,SA,15.1,23.6,0,2007-08-18T00:00:00Z,2007,SE monsoon
4915,1,SA,17.0,25.6,1,2007-08-18T00:00:00Z,2007,SE monsoon
5116,1,SA,16.6,26.3,1,2007-08-20T00:00:00Z,2007,SE monsoon
3572,1,A,16.8,25.5,0,2007-08-21T00:00:00Z,2007,SE monsoon
4902,1,SA,16.8,25.2,0,2007-08-21T00:00:00Z,2007,SE monsoon
4881,1,A,16.9,25.9,0,2007-08-22T00:00:00Z,2007,SE monsoon
4917,0,SA,14.2,24.5,0,2007-08-22T00:00:00Z,2007,SE monsoon
4949,0,SA,16.5,24.0,1,2007-08-22T00:00:00Z,2007,SE monsoon
1553,1,S,16.1,25.8,0,2007-08-23T00:00:00Z,2007,SE monsoon
3608,0,A,15.9,24.5,0,2007-08-23T00:00:00Z,2007,SE monsoon
5123,0,FL,14.9,24.7,1,2007-08-23T00:00:00Z,2007,SE monsoon
1543,1,S,16.2,24.6,0,2007-08-29T00:00:00Z,2007,SE monsoon
4904,0,SA,14.7,24.1,1,2007-08-29T00:00:00Z,2007,SE monsoon
5099,1,SA,16.2,25.5,1,2007-08-29T00:00:00Z,2007,SE monsoon
3500,0,A,15.9,23.9,0,2007-08-30T00:00:00Z,2007,SE monsoon
4917,0,SA,14.0,24.1,1,2007-08-30T00:00:00Z,2007,SE monsoon
4939,1,A,15.1,24.4,1,2007-08-30T00:00:00Z,2007,SE monsoon
4969,0,SA,15.8,24.0,1,2007-08-30T00:00:00Z,2007,SE monsoon
5071,1,OFL,15.5,26.7,1,2007-08-30T00:00:00Z,2007,SE monsoon
1499,1,S,15.9,25.0,0,2007-08-31T00:00:00Z,2007,SE monsoon
3519,1,A,16.8,26.3,0,2007-08-31T00:00:00Z,2007,SE monsoon
1170,0,S,17.0,24.9,0,2007-09-01T00:00:00Z,2007,SE monsoon
1489,1,S,16.3,25.2,0,2007-09-01T00:00:00Z,2007,SE monsoon
5132,0,SA,15.8,23.7,1,2007-09-01T00:00:00Z,2007,SE monsoon
5133,1,SA,16.9,25.6,1,2007-09-01T00:00:00Z,2007,SE monsoon
1361,0,S,15.9,25.0,1,2007-09-06T00:00:00Z,2007,SE monsoon
3608,0,A,14.7,24.1,0,2007-09-06T00:00:00Z,2007,SE monsoon
4902,1,A,16.9,26.5,0,2008-01-09T00:00:00Z,2008,NW monsoon
5159,1,J,14.9,26.2,1,2008-01-09T00:00:00Z,2008,NW monsoon
4887,1,A,16.0,26.2,1,2008-01-10T00:00:00Z,2008,NW monsoon
5139,0,J,12.2,23.4,1,2008-01-10T00:00:00Z,2008,NW monsoon
1415,0,S,14.0,24.2,0,2008-01-11T00:00:00Z,2008,NW monsoon
4941,0,SA,13.5,24.8,1,2008-01-11T00:00:00Z,2008,NW monsoon
5160,0,J,14.3,24.0,0,2008-01-11T00:00:00Z,2008,NW monsoon
3462,0,A,16.0,24.5,0,2008-01-12T00:00:00Z,2008,NW monsoon
4881,1,A,16.1,28.5,1,2008-01-12T00:00:00Z,2008,NW monsoon
4912,0,A,14.7,23.4,1,2008-01-12T00:00:00Z,2008,NW monsoon
4888,1,A,17.2,26.1,1,2008-01-13T00:00:00Z,2008,NW monsoon
4958,0,A,14.6,25.4,0,2008-01-13T00:00:00Z,2008,NW monsoon
4944,1,SA,16.3,25.0,1,2008-01-15T00:00:00Z,2008,NW monsoon
5161,1,J,13.8,26.1,1,2008-01-15T00:00:00Z,2008,NW monsoon
5162,0,A,14.2,23.9,0,2008-01-15T00:00:00Z,2008,NW monsoon
5163,0,SA,15.0,24.3,0,2008-01-16T00:00:00Z,2008,NW monsoon
1244,0,S,14.9,22.9,1,2008-01-17T00:00:00Z,2008,NW monsoon
3604,0,A,14.9,24.2,0,2008-01-17T00:00:00Z,2008,NW monsoon
4894,1,A,16.9,25.5,1,2008-01-17T00:00:00Z,2008,NW monsoon
4876,0,A,13.0,24.2,1,2008-01-18T00:00:00Z,2008,NW monsoon
4878,0,A,13.9,24.1,1,2008-01-18T00:00:00Z,2008,NW monsoon
4896,0,A,15.0,24.4,1,2008-01-18T00:00:00Z,2008,NW monsoon
4961,0,SA,14.4,24.4,1,2008-01-18T00:00:00Z,2008,NW monsoon
5074,0,J,13.5,24.0,1,2008-01-18T00:00:00Z,2008,NW monsoon
5164,0,J,14.0,24.0,0,2008-01-18T00:00:00Z,2008,NW monsoon
3519,1,A,16.5,26.5,0,2008-01-20T00:00:00Z,2008,NW monsoon
3612,1,A,15.5,26.1,1,2008-01-20T00:00:00Z,2008,NW monsoon
3500,0,A,15.2,24.2,0,2008-01-21T00:00:00Z,2008,NW monsoon
4964,0,SA,15.4,24.2,1,2008-01-21T00:00:00Z,2008,NW monsoon
5074,0,SA,13.5,24.1,0,2008-01-21T00:00:00Z,2008,NW monsoon
5165,1,J,15.2,24.2,1,2008-01-21T00:00:00Z,2008,NW monsoon
5166,0,SA,14.8,23.3,1,2008-01-21T00:00:00Z,2008,NW monsoon
5167,1,J,15.7,26.7,1,2008-01-21T00:00:00Z,2008,NW monsoon
5168,0,J,13.1,24.1,1,2008-01-21T00:00:00Z,2008,NW monsoon
1499,1,S,16.1,25.3,0,2008-01-22T00:00:00Z,2008,NW monsoon
4897,1,A,16.1,26.3,1,2008-01-22T00:00:00Z,2008,NW monsoon
4910,0,A,13.7,24.2,1,2008-01-22T00:00:00Z,2008,NW monsoon
4939,1,A,16.2,25.7,0,2008-01-22T00:00:00Z,2008,NW monsoon
5099,1,SA,16.3,26.0,1,2008-01-24T00:00:00Z,2008,NW monsoon
1384,0,S,14.8,23.4,0,2008-01-25T00:00:00Z,2008,NW monsoon
5170,1,J,16.2,25.8,0,2008-01-25T00:00:00Z,2008,NW monsoon
5171,0,J,13.9,24.1,1,2008-01-25T00:00:00Z,2008,NW monsoon
5172,1,SA,16.0,26.0,1,2008-01-26T00:00:00Z,2008,NW monsoon
1539,1,S,15.9,25.4,1,2008-01-27T00:00:00Z,2008,NW monsoon
5123,0,J,14.1,24.2,1,2008-01-27T00:00:00Z,2008,NW monsoon
3574,0,A,14.0,23.3,0,2008-01-29T00:00:00Z,2008,NW monsoon
4866,1,A,16.9,26.4,0,2008-01-29T00:00:00Z,2008,NW monsoon
5173,0,SA,14.6,24.2,0,2008-01-29T00:00:00Z,2008,NW monsoon
3576,1,A,16.5,26.2,0,2008-02-01T00:00:00Z,2008,NW monsoon
4890,1,A,16.2,25.1,0,2008-02-01T00:00:00Z,2008,NW monsoon
5174,0,SA,15.4,24.2,1,2008-02-01T00:00:00Z,2008,NW monsoon
1509,1,S,17.5,26.6,0,2008-07-13T00:00:00Z,2008,SE monsoon
4939,1,A,16.7,26.0,0,2008-07-13T00:00:00Z,2008,SE monsoon
5134,0,SA,13.7,24.7,0,2008-07-13T00:00:00Z,2008,SE monsoon
5168,0,SA,13.9,24.2,0,2008-07-13T00:00:00Z,2008,SE monsoon
5194,0,SA,13.9,23.3,0,2008-07-13T00:00:00Z,2008,SE monsoon
5195,0,OFL,13.1,24.0,0,2008-07-13T00:00:00Z,2008,SE monsoon
5196,0,FL,14.1,23.8,0,2008-07-13T00:00:00Z,2008,SE monsoon
5197,1,FL,16.1,25.9,1,2008-07-14T00:00:00Z,2008,SE monsoon
5198,0,FL,15.9,24.6,1,2008-07-15T00:00:00Z,2008,SE monsoon
1532,0,S,13.5,24.8,0,2008-07-16T00:00:00Z,2008,SE monsoon
3449,0,A,14.4,24.1,0,2008-07-16T00:00:00Z,2008,SE monsoon
3462,0,A,14.5,24.7,0,2008-07-16T00:00:00Z,2008,SE monsoon
4829,1,A,16.7,25.4,1,2008-07-16T00:00:00Z,2008,SE monsoon
4897,1,A,16.5,26.3,0,2008-07-16T00:00:00Z,2008,SE monsoon
5199,1,OFL,15.1,25.6,0,2008-07-16T00:00:00Z,2008,SE monsoon
1510,0,S,13.5,24.0,0,2008-07-18T00:00:00Z,2008,SE monsoon
3569,0,A,12.9,24.1,0,2008-07-18T00:00:00Z,2008,SE monsoon
3616,0,A,13.3,23.6,0,2008-07-18T00:00:00Z,2008,SE monsoon
4890,1,A,16.2,25.1,0,2008-07-18T00:00:00Z,2008,SE monsoon
4917,0,A,14.5,24.7,0,2008-07-18T00:00:00Z,2008,SE monsoon
5073,0,A,14.0,24.2,0,2008-07-18T00:00:00Z,2008,SE monsoon
5074,0,SA,13.5,23.8,0,2008-07-18T00:00:00Z,2008,SE monsoon
5147,0,SA,14.2,24.5,0,2008-07-18T00:00:00Z,2008,SE monsoon
5204,1,FL,14.0,25.9,1,2008-07-18T00:00:00Z,2008,SE monsoon
4887,1,A,17.5,26.1,0,2008-07-22T00:00:00Z,2008,SE monsoon
5209,1,FL,13.9,26.3,1,2008-07-22T00:00:00Z,2008,SE monsoon
5210,1,FL,15.0,25.9,0,2008-07-22T00:00:00Z,2008,SE monsoon
1491,0,S,15.2,24.3,0,2008-07-23T00:00:00Z,2008,SE monsoon
5212,0,FL,15.6,24.2,1,2008-07-23T00:00:00Z,2008,SE monsoon
1401,0,S,16.1,24.1,0,2008-07-24T00:00:00Z,2008,SE monsoon
3595,0,SA,15.9,23.5,0,2008-07-24T00:00:00Z,2008,SE monsoon
3596,0,A,16.5,24.3,0,2008-07-24T00:00:00Z,2008,SE monsoon
4894,1,A,17.8,25.7,0,2008-07-24T00:00:00Z,2008,SE monsoon
4952,0,A,16.0,23.0,0,2008-07-24T00:00:00Z,2008,SE monsoon
5141,0,SA,14.9,24.8,0,2008-07-24T00:00:00Z,2008,SE monsoon
5164,0,SA,16.6,24.0,0,2008-07-24T00:00:00Z,2008,SE monsoon
5215,1,SA,16.1,25.4,1,2008-07-24T00:00:00Z,2008,SE monsoon
5216,0,SA,15.4,23.5,1,2008-07-24T00:00:00Z,2008,SE monsoon
5217,0,FL,16.3,24.7,0,2008-07-24T00:00:00Z,2008,SE monsoon
3457,1,A,16.9,26.3,0,2008-07-25T00:00:00Z,2008,SE monsoon
3517,0,A,15.0,23.8,0,2008-07-25T00:00:00Z,2008,SE monsoon
5077,1,SA,15.9,24.8,0,2008-07-25T00:00:00Z,2008,SE monsoon
5145,0,A,14.9,23.6,1,2008-07-25T00:00:00Z,2008,SE monsoon
5224,0,FL,15.0,23.7,1,2008-07-26T00:00:00Z,2008,SE monsoon
5225,1,FL,12.5,25.0,0,2008-07-26T00:00:00Z,2008,SE monsoon
4860,1,A,17.8,26.3,0,2008-07-29T00:00:00Z,2008,SE monsoon
5125,0,SA,14.2,23.3,0,2008-07-29T00:00:00Z,2008,SE monsoon
5137,0,SA,15.9,25.0,0,2008-07-29T00:00:00Z,2008,SE monsoon
5144,1,SA,17.1,25.9,0,2008-07-30T00:00:00Z,2008,SE monsoon
5235,1,FL,16.1,24.3,1,2008-07-30T00:00:00Z,2008,SE monsoon
5236,1,FL,15.4,26.0,1,2008-07-31T00:00:00Z,2008,SE monsoon
5237,1,FL,17.1,26.2,1,2008-07-31T00:00:00Z,2008,SE monsoon
1553,1,S,17.5,26.0,0,2008-08-01T00:00:00Z,2008,SE monsoon
5079,0,A,15.5,24.6,0,2008-08-01T00:00:00Z,2008,SE monsoon
5240,1,OFL,16.4,25.9,1,2008-08-01T00:00:00Z,2008,SE monsoon
5162,0,A,14.2,24.1,0,2008-08-05T00:00:00Z,2008,SE monsoon
5247,0,FL,15.0,24.3,1,2008-08-05T00:00:00Z,2008,SE monsoon
5248,1,SA,15.5,26.2,0,2008-08-05T00:00:00Z,2008,SE monsoon
5249,1,SA,16.7,25.0,1,2008-08-05T00:00:00Z,2008,SE monsoon
5076,1,SA,17.1,26.1,0,2008-08-07T00:00:00Z,2008,SE monsoon
1412,1,S,17.0,26.0,0,2008-08-08T00:00:00Z,2008,SE monsoon
5173,0,SA,16.2,24.2,0,2008-08-08T00:00:00Z,2008,SE monsoon
5254,1,FL,15.8,26.1,0,2008-08-08T00:00:00Z,2008,SE monsoon
5256,0,SA,15.2,23.7,0,2008-08-09T00:00:00Z,2008,SE monsoon
5260,1,OFL,16.0,26.2,0,2008-08-11T00:00:00Z,2008,SE monsoon
5261,1,FL,16.3,25.1,0,2008-08-11T00:00:00Z,2008,SE monsoon
5262,1,OFL,16.6,26.8,0,2008-08-11T00:00:00Z,2008,SE monsoon
4970,0,A,15.9,24.8,0,2008-08-12T00:00:00Z,2008,SE monsoon
5160,0,SA,14.5,24.2,0,2008-08-12T00:00:00Z,2008,SE monsoon
5263,0,OFL,13.5,23.7,1,2008-08-12T00:00:00Z,2008,SE monsoon
1361,0,S,15.2,24.2,0,2008-08-13T00:00:00Z,2008,SE monsoon
4904,0,A,15.6,24.7,0,2008-08-13T00:00:00Z,2008,SE monsoon
5140,0,SA,14.8,24.1,0,2008-08-14T00:00:00Z,2008,SE monsoon
5265,0,FL,13.9,24.2,1,2008-08-16T00:00:00Z,2008,SE monsoon
5266,1,SA,16.1,26.8,1,2008-08-16T00:00:00Z,2008,SE monsoon
5267,0,SA,14.5,24.5,1,2008-08-16T00:00:00Z,2008,SE monsoon
1394,1,S,16.7,25.8,0,2008-08-18T00:00:00Z,2008,SE monsoon
5268,0,SA,13.9,24.2,0,2008-08-18T00:00:00Z,2008,SE monsoon
3451,0,A,14.5,23.9,0,2008-08-19T00:00:00Z,2008,SE monsoon
3606,0,A,15.1,24.2,0,2008-08-19T00:00:00Z,2008,SE monsoon
3574,0,A,13.8,23.3,0,2008-08-20T00:00:00Z,2008,SE monsoon
4866,1,A,17.4,26.0,0,2008-08-20T00:00:00Z,2008,SE monsoon
5080,0,SA,14.8,24.6,0,2008-08-20T00:00:00Z,2008,SE monsoon
5117,0,SA,15.9,24.1,0,2008-08-20T00:00:00Z,2008,SE monsoon
5275,1,J,14.9,26.8,1,2009-01-01T00:00:00Z,2009,NW monsoon
4854,1,A,16.8,26.0,0,2009-01-03T00:00:00Z,2009,NW monsoon
5147,0,A,14.2,24.3,1,2009-01-03T00:00:00Z,2009,NW monsoon
5160,0,SA,14.7,24.2,0,2009-01-03T00:00:00Z,2009,NW monsoon
5195,0,SA,13.9,23.4,1,2009-01-03T00:00:00Z,2009,NW monsoon
5197,1,J,15.0,25.6,0,2009-01-03T00:00:00Z,2009,NW monsoon
3590,0,A,15.0,23.7,0,2009-01-04T00:00:00Z,2009,NW monsoon
4829,1,A,16.2,25.5,0,2009-01-04T00:00:00Z,2009,NW monsoon
1415,0,S,14.7,24.1,0,2009-01-07T00:00:00Z,2009,NW monsoon
4881,1,A,17.0,26.1,0,2009-01-07T00:00:00Z,2009,NW monsoon
4887,1,A,16.3,26.2,0,2009-01-08T00:00:00Z,2009,NW monsoon
4890,1,A,15.5,25.6,0,2009-01-08T00:00:00Z,2009,NW monsoon
5265,0,SA,14.6,24.1,1,2009-01-08T00:00:00Z,2009,NW monsoon
5194,0,SA,14.0,22.4,0,2009-01-09T00:00:00Z,2009,NW monsoon
5268,0,A,14.5,24.0,0,2009-01-09T00:00:00Z,2009,NW monsoon
4936,0,A,15.9,23.1,0,2009-01-11T00:00:00Z,2009,NW monsoon
4947,1,A,16.6,26.9,0,2009-01-11T00:00:00Z,2009,NW monsoon
5275,1,J,16.1,26.9,1,2009-01-11T00:00:00Z,2009,NW monsoon
1356,1,S,17.2,26.2,0,2009-01-12T00:00:00Z,2009,NW monsoon
1412,1,S,17.0,25.7,0,2009-01-16T00:00:00Z,2009,NW monsoon
3491,0,A,14.9,23.8,0,2009-01-16T00:00:00Z,2009,NW monsoon
5173,0,A,15.0,24.4,0,2009-01-17T00:00:00Z,2009,NW monsoon
5277,0,J,14.0,23.2,1,2009-01-17T00:00:00Z,2009,NW monsoon
1523,1,S,17.5,26.3,0,2009-01-19T00:00:00Z,2009,NW monsoon
3515,1,A,16.3,25.7,0,2009-01-19T00:00:00Z,2009,NW monsoon
4934,1,A,17.6,26.5,0,2009-01-19T00:00:00Z,2009,NW monsoon
4938,0,A,14.8,25.0,0,2009-01-20T00:00:00Z,2009,NW monsoon
5262,1,J,18.0,26.7,1,2009-01-21T00:00:00Z,2009,NW monsoon
4896,0,A,16.3,24.8,1,2009-01-23T00:00:00Z,2009,NW monsoon
5237,1,SA,17.0,26.3,1,2009-01-23T00:00:00Z,2009,NW monsoon
5278,0,FL,14.5,23.4,1,2009-01-23T00:00:00Z,2009,NW monsoon
5235,1,SA,14.8,24.7,0,2009-01-24T00:00:00Z,2009,NW monsoon
4917,0,A,14.8,24.3,0,2009-01-25T00:00:00Z,2009,NW monsoon
5144,1,A,17.5,25.9,0,2009-01-25T00:00:00Z,2009,NW monsoon
5224,0,SA,14.5,23.4,1,2009-01-25T00:00:00Z,2009,NW monsoon
5279,0,J,14.0,24.9,0,2009-01-25T00:00:00Z,2009,NW monsoon
4860,1,A,16.8,26.5,0,2009-01-27T00:00:00Z,2009,NW monsoon
4972,1,A,16.5,25.5,0,2009-01-29T00:00:00Z,2009,NW monsoon
5072,1,A,16.9,25.8,0,2009-01-29T00:00:00Z,2009,NW monsoon
5280,1,FL,15.8,25.8,0,2009-01-29T00:00:00Z,2009,NW monsoon
1501,0,S,15.0,24.3,0,2009-02-03T00:00:00Z,2009,NW monsoon
1543,1,S,16.1,25.4,0,2009-02-03T00:00:00Z,2009,NW monsoon
3612,1,A,16.5,25.8,0,2009-02-04T00:00:00Z,2009,NW monsoon
5282,0,OFL,15.5,23.2,0,2009-02-04T00:00:00Z,2009,NW monsoon
5071,1,A,15.9,26.6,0,2009-02-05T00:00:00Z,2009,NW monsoon
5167,1,A,17.1,26.6,0,2009-02-05T00:00:00Z,2009,NW monsoon
5284,0,J,14.6,24.8,0,2009-02-07T00:00:00Z,2009,NW monsoon
4863,0,A,14.3,23.3,0,2009-02-09T00:00:00Z,2009,NW monsoon
5071,1,A,15.6,26.7,0,2009-02-09T00:00:00Z,2009,NW monsoon
3518,0,A,14.3,24.4,0,2009-02-10T00:00:00Z,2009,NW monsoon
3695,0,A,16.2,25.1,0,2009-02-10T00:00:00Z,2009,NW monsoon
1394,1,S,15.3,25.7,0,2009-02-11T00:00:00Z,2009,NW monsoon
1438,0,S,15.4,23.8,0,2009-02-11T00:00:00Z,2009,NW monsoon
1494,1,S,16.2,24.2,0,2009-02-11T00:00:00Z,2009,NW monsoon
4885,0,A,16.0,25.0,0,2009-02-12T00:00:00Z,2009,NW monsoon
4883,0,A,14.7,24.3,0,2009-02-13T00:00:00Z,2009,NW monsoon
5000,1,A,16.1,25.6,0,2009-02-13T00:00:00Z,2009,NW monsoon
5133,1,A,16.2,25.6,0,2009-02-13T00:00:00Z,2009,NW monsoon
3574,0,A,13.6,23.5,0,2009-02-14T00:00:00Z,2009,NW monsoon
4866,1,A,15.9,26.2,0,2009-02-14T00:00:00Z,2009,NW monsoon
3486,1,A,17.0,26.2,0,2009-02-17T00:00:00Z,2009,NW monsoon
4956,0,A,14.8,23.3,0,2009-02-17T00:00:00Z,2009,NW monsoon
5121,1,A,16.9,25.0,1,2009-02-17T00:00:00Z,2009,NW monsoon
4935,0,A,14.5,23.4,0,2009-02-18T00:00:00Z,2009,NW monsoon
5119,0,A,14.4,24.4,0,2009-02-18T00:00:00Z,2009,NW monsoon
5226,1,SA,15.7,24.7,0,2009-02-20T00:00:00Z,2009,NW monsoon
5260,1,SA,16.8,26.4,0,2009-02-20T00:00:00Z,2009,NW monsoon
5290,1,OFL,16.6,26.5,0,2009-02-20T00:00:00Z,2009,NW monsoon
5291,1,OFL,16.9,26.0,0,2009-02-20T00:00:00Z,2009,NW monsoon
4957,1,A,15.8,25.5,0,2009-02-21T00:00:00Z,2009,NW monsoon
5292,1,J,16.4,25.4,0,2009-02-21T00:00:00Z,2009,NW monsoon
5293,0,J,14.9,24.7,0,2009-02-21T00:00:00Z,2009,NW monsoon
4941,0,A,14.4,24.5,0,2009-02-24T00:00:00Z,2009,NW monsoon
1542,1,S,15.1,25.6,1,2009-02-25T00:00:00Z,2009,NW monsoon
3449,0,A,12.5,24.1,0,2009-02-25T00:00:00Z,2009,NW monsoon
5313,0,CH,14.3,24.7,0,2009-06-13T00:00:00Z,2009,SE monsoon
3515,1,A,15.5,25.5,0,2009-06-16T00:00:00Z,2009,SE monsoon
5314,1,OFL,14.9,26.4,1,2009-06-16T00:00:00Z,2009,SE monsoon
5321,1,J,14.9,25.6,1,2009-06-16T00:00:00Z,2009,SE monsoon
5322,1,SA,15.8,26.3,1,2009-06-16T00:00:00Z,2009,SE monsoon
1509,1,S,15.9,26.1,0,2009-06-18T00:00:00Z,2009,SE monsoon
3590,0,A,13.9,23.7,0,2009-06-18T00:00:00Z,2009,SE monsoon
4854,1,A,15.7,26.0,1,2009-06-18T00:00:00Z,2009,SE monsoon
5289,0,SA,14.1,24.5,1,2009-06-18T00:00:00Z,2009,SE monsoon
3449,0,A,14.0,24.1,0,2009-06-20T00:00:00Z,2009,SE monsoon
4897,1,A,15.9,26.3,0,2009-06-20T00:00:00Z,2009,SE monsoon
5204,1,A,15.0,26.2,1,2009-06-20T00:00:00Z,2009,SE monsoon
5315,0,OFL,13.7,24.8,1,2009-06-20T00:00:00Z,2009,SE monsoon
5316,1,OFL,15.1,26.4,1,2009-06-20T00:00:00Z,2009,SE monsoon
5318,0,SA,14.1,24.1,1,2009-06-20T00:00:00Z,2009,SE monsoon
1384,0,S,13.9,23.1,0,2009-06-22T00:00:00Z,2009,SE monsoon
5267,0,A,14.9,24.4,1,2009-06-22T00:00:00Z,2009,SE monsoon
5312,0,FL,14.3,24.3,1,2009-06-22T00:00:00Z,2009,SE monsoon
5320,0,A,15.1,23.7,0,2009-06-22T00:00:00Z,2009,SE monsoon
5319,0,J,13.5,23.7,1,2009-06-23T00:00:00Z,2009,SE monsoon
5317,1,FL,14.7,25.7,1,2009-06-27T00:00:00Z,2009,SE monsoon
5323,0,OFL,13.9,23.8,1,2009-06-28T00:00:00Z,2009,SE monsoon
5324,0,OFL,14.8,24.7,1,2009-06-28T00:00:00Z,2009,SE monsoon
4885,0,A,15.0,25.0,0,2009-06-30T00:00:00Z,2009,SE monsoon
5000,1,A,15.8,25.8,1,2009-06-30T00:00:00Z,2009,SE monsoon
5325,1,OFL,15.1,26.3,1,2009-06-30T00:00:00Z,2009,SE monsoon
5118,1,A,16.5,25.0,0,2009-07-01T00:00:00Z,2009,SE monsoon
5326,0,OFL,13.2,24.2,1,2009-07-01T00:00:00Z,2009,SE monsoon
5327,1,OFL,15.9,25.8,0,2009-07-02T00:00:00Z,2009,SE monsoon
4887,1,A,16.0,26.4,0,2009-07-08T00:00:00Z,2009,SE monsoon
4888,1,A,17.5,25.9,1,2009-07-08T00:00:00Z,2009,SE monsoon
4936,0,A,14.8,24.1,0,2009-07-08T00:00:00Z,2009,SE monsoon
5168,0,A,14.8,24.2,1,2009-07-08T00:00:00Z,2009,SE monsoon
5212,0,A,14.6,24.2,0,2009-07-08T00:00:00Z,2009,SE monsoon
5447,1,FL,15.0,26.7,1,2009-07-08T00:00:00Z,2009,SE monsoon
4939,1,A,16.1,26.3,0,2009-07-11T00:00:00Z,2009,SE monsoon
4863,0,A,13.0,23.6,1,2009-07-12T00:00:00Z,2009,SE monsoon
5147,0,A,14.8,24.6,0,2009-07-12T00:00:00Z,2009,SE monsoon
5160,0,A,14.3,24.1,1,2009-07-12T00:00:00Z,2009,SE monsoon
5332,0,OFL,13.1,24.8,1,2009-07-13T00:00:00Z,2009,SE monsoon
5335,1,SA,16.1,27.1,0,2009-07-13T00:00:00Z,2009,SE monsoon
5448,0,FL,13.9,24.8,1,2009-07-16T00:00:00Z,2009,SE monsoon
5334,1,OFL,15.4,26.3,1,2009-07-20T00:00:00Z,2009,SE monsoon
5449,0,OFL,15.1,24.3,1,2009-07-20T00:00:00Z,2009,SE monsoon
5287,0,OFL,14.5,23.5,1,2009-07-23T00:00:00Z,2009,SE monsoon
5224,0,A,14.1,23.7,1,2009-07-26T00:00:00Z,2009,SE monsoon
5167,1,A,17.1,27.0,0,2009-07-28T00:00:00Z,2009,SE monsoon
5339,0,FL,13.3,23.1,1,2009-07-28T00:00:00Z,2009,SE monsoon
5450,0,FL,14.4,24.7,1,2009-07-28T00:00:00Z,2009,SE monsoon
1553,1,S,15.5,26.0,0,2009-07-29T00:00:00Z,2009,SE monsoon
3608,0,A,15.3,24.6,1,2009-07-29T00:00:00Z,2009,SE monsoon
5125,0,A,14.0,23.6,0,2009-07-29T00:00:00Z,2009,SE monsoon
5123,0,A,16.8,24.1,1,2009-08-01T00:00:00Z,2009,SE monsoon
5277,0,SA,14.1,24.0,0,2009-08-01T00:00:00Z,2009,SE monsoon
4933,1,A,16.0,26.4,0,2009-08-03T00:00:00Z,2009,SE monsoon
5079,0,A,15.8,24.9,0,2009-08-03T00:00:00Z,2009,SE monsoon
5336,0,J,14.1,24.9,1,2009-08-03T00:00:00Z,2009,SE monsoon
5340,1,CH,15.3,24.3,0,2009-08-10T00:00:00Z,2009,SE monsoon
5337,0,J,14.3,24.9,1,2009-08-11T00:00:00Z,2009,SE monsoon
1394,1,S,16.1,25.8,1,2009-08-12T00:00:00Z,2009,SE monsoon
3451,0,A,15.0,24.6,0,2009-08-12T00:00:00Z,2009,SE monsoon
4861,0,A,15.6,25.1,1,2009-08-12T00:00:00Z,2009,SE monsoon
4956,0,A,13.9,23.0,1,2009-08-12T00:00:00Z,2009,SE monsoon
5338,1,OFL,16.0,26.0,1,2009-08-12T00:00:00Z,2009,SE monsoon
5451,0,J,14.8,24.4,1,2009-08-12T00:00:00Z,2009,SE monsoon
3518,0,A,15.7,24.7,0,2009-08-15T00:00:00Z,2009,SE monsoon
5341,0,SA,15.1,25.0,1,2009-08-15T00:00:00Z,2009,SE monsoon
5452,0,FL,13.8,24.8,0,2009-08-15T00:00:00Z,2009,SE monsoon
5119,0,A,18.9,24.7,1,2009-08-17T00:00:00Z,2009,SE monsoon
5343,1,CH,17.2,25.9,0,2009-08-19T00:00:00Z,2009,SE monsoon
5453,1,CH,17.3,25.5,0,2009-08-19T00:00:00Z,2009,SE monsoon
5454,0,CH,16.4,24.2,0,2009-08-19T00:00:00Z,2009,SE monsoon
4965,0,A,14.4,24.7,0,2009-08-20T00:00:00Z,2009,SE monsoon
5254,1,A,16.7,25.7,1,2009-08-20T00:00:00Z,2009,SE monsoon
5455,0,FL,13.1,24.1,1,2009-08-20T00:00:00Z,2009,SE monsoon
5456,1,CH,16.0,23.2,0,2009-08-21T00:00:00Z,2009,SE monsoon
4883,0,A,15.8,24.5,1,2009-08-22T00:00:00Z,2009,SE monsoon
5457,0,J,15.3,24.8,1,2009-08-22T00:00:00Z,2009,SE monsoon
5342,1,CH,13.5,20.2,0,2009-08-23T00:00:00Z,2009,SE monsoon
5418,1,CH,13.3,21.8,0,2009-08-29T00:00:00Z,2009,SE monsoon
5460,1,CH,13.5,21.2,0,2009-08-29T00:00:00Z,2009,SE monsoon
5459,0,CH,13.0,21.8,0,2009-08-31T00:00:00Z,2009,SE monsoon
5461,0,CH,13.8,22.2,0,2009-08-31T00:00:00Z,2009,SE monsoon
5458,0,CH,16.0,23.5,0,2009-09-01T00:00:00Z,2009,SE monsoon
5462,1,CH,16.5,25.7,0,2009-09-04T00:00:00Z,2009,SE monsoon
5463,1,CH,10.0,19.4,0,2009-09-05T00:00:00Z,2009,SE monsoon
5466,0,CH,10.0,20.0,0,2009-09-05T00:00:00Z,2009,SE monsoon
5464,0,CH,16.0,24.5,0,2009-09-10T00:00:00Z,2009,SE monsoon
3574,0,A,13.0,22.9,1,2010-02-15T00:00:00Z,2010,NW monsoon
4866,1,A,16.0,26.3,1,2010-02-15T00:00:00Z,2010,NW monsoon
5277,0,SA,14.2,23.0,1,2010-02-16T00:00:00Z,2010,NW monsoon
5338,1,SA,15.5,25.2,0,2010-02-16T00:00:00Z,2010,NW monsoon
4885,0,A,15.5,24.4,0,2010-02-19T00:00:00Z,2010,NW monsoon
5325,1,SA,14.0,25.9,1,2010-02-21T00:00:00Z,2010,NW monsoon
4861,0,A,14.2,25.3,0,2010-02-23T00:00:00Z,2010,NW monsoon
5116,1,A,16.0,25.8,1,2010-02-23T00:00:00Z,2010,NW monsoon
5324,0,A,16.0,24.8,1,2010-02-23T00:00:00Z,2010,NW monsoon
5459,0,SA,13.5,23.4,1,2010-02-23T00:00:00Z,2010,NW monsoon
3606,0,A,15.0,23.9,1,2010-02-24T00:00:00Z,2010,NW monsoon
5497,1,OFL,14.2,26.0,1,2010-02-24T00:00:00Z,2010,NW monsoon
5326,0,SA,13.0,24.2,1,2010-03-01T00:00:00Z,2010,NW monsoon
4939,1,A,16.0,25.6,0,2010-07-04T00:00:00Z,2010,SE monsoon
5313,0,SA,15.6,24.8,1,2010-07-04T00:00:00Z,2010,SE monsoon
3519,1,A,16.3,26.8,0,2010-07-06T00:00:00Z,2010,SE monsoon
5284,0,A,14.1,24.4,1,2010-07-06T00:00:00Z,2010,SE monsoon
5516,0,SA,14.9,24.9,1,2010-07-10T00:00:00Z,2010,SE monsoon
5317,1,SA,15.1,25.8,1,2010-07-11T00:00:00Z,2010,SE monsoon
5515,1,SA,16.7,26.0,1,2010-07-11T00:00:00Z,2010,SE monsoon
3608,0,A,15.4,24.5,0,2010-07-12T00:00:00Z,2010,SE monsoon
5170,1,A,17.4,26.3,0,2010-07-12T00:00:00Z,2010,SE monsoon
4941,0,A,16.7,24.8,1,2010-07-14T00:00:00Z,2010,SE monsoon
5526,1,A,16.2,25.9,1,2010-07-14T00:00:00Z,2010,SE monsoon
4887,1,A,17.2,26.4,0,2010-07-16T00:00:00Z,2010,SE monsoon
5450,0,A,15.8,24.7,1,2010-07-21T00:00:00Z,2010,SE monsoon
5237,1,A,16.7,26.4,0,2010-07-23T00:00:00Z,2010,SE monsoon
5240,1,A,17.5,26.3,0,2010-07-25T00:00:00Z,2010,SE monsoon
5262,1,A,17.2,27.3,1,2010-07-25T00:00:00Z,2010,SE monsoon
5532,0,SA,14.8,25.1,1,2010-07-27T00:00:00Z,2010,SE monsoon
4892,1,A,16.5,26.0,0,2010-07-28T00:00:00Z,2010,SE monsoon
4957,1,A,16.4,25.5,1,2010-07-29T00:00:00Z,2010,SE monsoon
5531,0,A,15.7,25.4,1,2010-07-29T00:00:00Z,2010,SE monsoon
5290,1,A,16.2,26.4,0,2010-07-31T00:00:00Z,2010,SE monsoon
5336,0,A,14.9,24.6,0,2010-07-31T00:00:00Z,2010,SE monsoon
3606,0,A,16.9,24.4,0,2010-08-03T00:00:00Z,2010,SE monsoon
5497,1,A,16.6,25.6,0,2010-08-03T00:00:00Z,2010,SE monsoon
4887,1,A,16.5,26.3,0,2010-08-06T00:00:00Z,2010,SE monsoon
4958,0,A,15.6,25.6,0,2010-08-06T00:00:00Z,2010,SE monsoon
5315,0,A,16.4,24.9,1,2010-08-06T00:00:00Z,2010,SE monsoon
5326,0,A,14.2,24.1,0,2010-08-08T00:00:00Z,2010,SE monsoon
5339,0,SA,13.8,23.3,1,2010-08-08T00:00:00Z,2010,SE monsoon
5009,0,A,18.6,25.0,0,2010-08-10T00:00:00Z,2010,SE monsoon
5343,1,SA,15.6,25.6,1,2010-08-10T00:00:00Z,2010,SE monsoon
5453,1,SA,16.3,25.6,1,2010-08-10T00:00:00Z,2010,SE monsoon
4965,0,A,16.4,24.8,0,2010-08-14T00:00:00Z,2010,SE monsoon
5123,0,A,16.0,24.4,1,2010-08-14T00:00:00Z,2010,SE monsoon
5323,0,A,16.1,23.9,1,2010-08-14T00:00:00Z,2010,SE monsoon
5197,1,A,16.8,26.1,0,2010-08-16T00:00:00Z,2010,SE monsoon
4961,0,A,13.9,24.7,0,2010-08-17T00:00:00Z,2010,SE monsoon
5072,1,A,15.9,25.8,1,2010-08-17T00:00:00Z,2010,SE monsoon
5163,0,A,14.7,24.8,0,2010-08-17T00:00:00Z,2010,SE monsoon
5539,1,SA,15.6,26.0,1,2010-08-17T00:00:00Z,2010,SE monsoon
5550,1,CH,17.0,26.8,0,2010-08-23T00:00:00Z,2010,SE monsoon
5551,1,CH,15.8,25.0,0,2010-08-23T00:00:00Z,2010,SE monsoon
5553,0,CH,16.1,24.6,0,2010-08-23T00:00:00Z,2010,SE monsoon
5554,1,CH,14.5,22.2,0,2010-08-24T00:00:00Z,2010,SE monsoon
5075,0,A,15.8,24.5,0,2010-08-25T00:00:00Z,2010,SE monsoon
5540,1,CH,17.6,26.1,0,2010-08-27T00:00:00Z,2010,SE monsoon
4883,0,A,14.8,24.5,1,2010-08-28T00:00:00Z,2010,SE monsoon
5456,1,SA,18.5,25.2,1,2010-08-28T00:00:00Z,2010,SE monsoon
4964,0,A,15.1,24.5,0,2010-08-31T00:00:00Z,2010,SE monsoon
5462,1,SA,16.6,26.3,1,2010-09-01T00:00:00Z,2010,SE monsoon
3497,0,A,15.1,24.6,0,2010-09-02T00:00:00Z,2010,SE monsoon
5561,1,FL,16.9,25.4,0,2010-09-02T00:00:00Z,2010,SE monsoon
4896,0,A,15.0,25.1,1,2010-09-04T00:00:00Z,2010,SE monsoon
5574,0,CH,15.8,23.4,1,2010-09-04T00:00:00Z,2010,SE monsoon
5573,0,SA,15.8,24.5,1,2010-09-06T00:00:00Z,2010,SE monsoon
4941,0,A,14.9,24.8,1,2011-07-01T00:00:00Z,2011,SE monsoon
5334,1,A,17.5,26.9,1,2011-07-01T00:00:00Z,2011,SE monsoon
5609,0,A,15.6,24.3,0,2011-07-01T00:00:00Z,2011,SE monsoon
5550,1,SA,16.9,27.1,1,2011-07-02T00:00:00Z,2011,SE monsoon
5591,1,SA,16.4,26.0,1,2011-07-02T00:00:00Z,2011,SE monsoon
5170,1,A,16.8,26.3,1,2011-07-03T00:00:00Z,2011,SE monsoon
5450,0,A,15.2,24.7,1,2011-07-03T00:00:00Z,2011,SE monsoon
3518,0,A,14.8,25.1,0,2011-07-05T00:00:00Z,2011,SE monsoon
5009,0,A,13.7,25.1,0,2011-07-05T00:00:00Z,2011,SE monsoon
5242,0,A,13.7,24.5,1,2011-07-05T00:00:00Z,2011,SE monsoon
1438,0,S,14.3,23.9,0,2011-07-06T00:00:00Z,2011,SE monsoon
5128,0,A,14.8,24.5,0,2011-07-06T00:00:00Z,2011,SE monsoon
5254,1,A,17.1,25.8,0,2011-07-06T00:00:00Z,2011,SE monsoon
5240,1,A,17.5,26.2,1,2011-07-07T00:00:00Z,2011,SE monsoon
5610,0,SA,15.0,24.6,0,2011-07-07T00:00:00Z,2011,SE monsoon
5540,1,SA,16.8,25.9,1,2011-07-09T00:00:00Z,2011,SE monsoon
4854,1,A,16.6,26.2,1,2011-07-17T00:00:00Z,2011,SE monsoon
4958,0,A,16.4,25.5,0,2011-07-20T00:00:00Z,2011,SE monsoon
5195,0,A,14.3,24.3,0,2011-07-26T00:00:00Z,2011,SE monsoon
4957,1,A,15.4,24.9,0,2011-07-29T00:00:00Z,2011,SE monsoon
5226,1,A,14.3,24.0,1,2011-07-29T00:00:00Z,2011,SE monsoon
5291,1,A,15.9,25.3,0,2011-07-29T00:00:00Z,2011,SE monsoon
5338,1,A,15.5,26.1,1,2011-08-11T00:00:00Z,2011,SE monsoon
1494,1,S,16.0,24.3,1,2011-08-14T00:00:00Z,2011,SE monsoon
4965,0,A,14.3,24.9,1,2011-08-19T00:00:00Z,2011,SE monsoon
5323,0,A,14.2,24.2,1,2011-08-19T00:00:00Z,2011,SE monsoon
5540,1,SA,16.8,25.7,1,2011-08-19T00:00:00Z,2011,SE monsoon
5173,0,A,14.9,24.4,1,2011-08-30T00:00:00Z,2011,SE monsoon
5291,1,A,16.7,26.5,1,2011-08-30T00:00:00Z,2011,SE monsoon
5514,0,A,14.8,24.1,0,2011-08-31T00:00:00Z,2011,SE monsoon
5610,0,SA,13.8,23.6,1,2011-08-31T00:00:00Z,2011,SE monsoon
4933,1,A,16.1,26.4,0,2011-09-01T00:00:00Z,2011,SE monsoon
4892,1,A,15.9,25.7,0,2011-09-02T00:00:00Z,2011,SE monsoon
5224,0,A,15.2,23.3,1,2011-09-04T00:00:00Z,2011,SE monsoon
5334,1,A,17.9,26.1,0,2011-09-04T00:00:00Z,2011,SE monsoon
5075,0,A,14.9,23.8,1,2011-09-05T00:00:00Z,2011,SE monsoon
5217,0,A,15.5,24.7,1,2011-09-05T00:00:00Z,2011,SE monsoon
5116,1,A,16.8,26.2,1,2011-09-06T00:00:00Z,2011,SE monsoon
5283,1,A,17.6,24.7,0,2011-09-12T00:00:00Z,2011,SE monsoon
5553,0,A,14.7,23.8,0,2011-09-13T00:00:00Z,2011,SE monsoon
5573,0,A,15.7,24.0,0,2011-09-13T00:00:00Z,2011,SE monsoon
3462,0,A,15.8,24.5,0,2011-09-14T00:00:00Z,2011,SE monsoon
5320,0,A,14.7,23.7,0,2011-09-17T00:00:00Z,2011,SE monsoon
4890,1,A,16.6,25.3,0,2011-09-18T00:00:00Z,2011,SE monsoon
5497,1,A,15.1,25.4,0,2011-09-23T00:00:00Z,2011,SE monsoon
3451,0,A,14.0,24.1,0,2011-09-24T00:00:00Z,2011,SE monsoon
4883,0,A,15.7,24.2,0,2011-09-24T00:00:00Z,2011,SE monsoon
5267,0,A,14.7,24.1,0,2011-09-26T00:00:00Z,2011,SE monsoon
1415,0,S,14.2,24.0,0,2011-09-27T00:00:00Z,2011,SE monsoon
5754,1,SA,15.0,26.1,1,2011-12-06T00:00:00Z,2012,NW monsoon
5760,0,A,14.5,24.8,1,2011-12-14T00:00:00Z,2012,NW monsoon
4860,1,A,15.5,26.9,1,2012-01-28T00:00:00Z,2012,NW monsoon
4954,1,A,17.5,27.2,0,2012-02-02T00:00:00Z,2012,NW monsoon
3606,0,A,14.5,26.0,0,2012-02-03T00:00:00Z,2012,NW monsoon
5164,0,A,14.0,24.8,1,2012-02-06T00:00:00Z,2012,NW monsoon
3594,0,A,16.0,26.3,0,2012-02-08T00:00:00Z,2012,NW monsoon
5319,0,A,14.5,24.6,1,2012-02-08T00:00:00Z,2012,NW monsoon
3490,0,A,13.5,26.3,1,2012-02-09T00:00:00Z,2012,NW monsoon
4941,0,A,15.0,25.0,1,2012-02-09T00:00:00Z,2012,NW monsoon
4890,1,A,16.1,25.1,0,2012-06-06T00:00:00Z,2012,SE monsoon
5275,1,A,16.5,24.2,0,2012-06-06T00:00:00Z,2012,SE monsoon
5072,1,A,15.9,25.5,1,2012-06-08T00:00:00Z,2012,SE monsoon
5195,0,A,14.9,23.3,1,2012-06-09T00:00:00Z,2012,SE monsoon
5450,0,A,14.3,24.7,0,2012-06-09T00:00:00Z,2012,SE monsoon
3497,0,S,14.4,24.2,0,2012-06-11T00:00:00Z,2012,SE monsoon
5235,1,A,15.7,24.7,0,2012-06-11T00:00:00Z,2012,SE monsoon
3490,0,S,14.1,24.9,1,2012-06-16T00:00:00Z,2012,SE monsoon
5267,0,A,14.5,24.6,0,2012-06-16T00:00:00Z,2012,SE monsoon
4883,0,A,14.8,23.2,0,2012-06-21T00:00:00Z,2012,SE monsoon
5123,0,A,14.8,24.4,0,2012-06-27T00:00:00Z,2012,SE monsoon
5456,1,A,17.0,25.0,0,2012-06-28T00:00:00Z,2012,SE monsoon
3608,0,A,14.9,24.3,0,2012-06-29T00:00:00Z,2012,SE monsoon
5237,1,A,16.2,26.4,0,2012-06-29T00:00:00Z,2012,SE monsoon
5009,0,A,14.7,24.8,1,2012-07-03T00:00:00Z,2012,SE monsoon
5337,0,A,14.2,24.0,0,2012-07-03T00:00:00Z,2012,SE monsoon
5275,1,A,16.3,26.6,0,2012-07-06T00:00:00Z,2012,SE monsoon
5283,1,A,16.4,25.7,0,2012-07-06T00:00:00Z,2012,SE monsoon
4861,0,A,15.4,24.1,1,2012-07-07T00:00:00Z,2012,SE monsoon
5338,1,A,15.2,25.3,0,2012-07-07T00:00:00Z,2012,SE monsoon
5334,1,A,16.0,26.5,0,2012-07-14T00:00:00Z,2012,SE monsoon
5170,1,A,16.7,26.4,0,2012-07-15T00:00:00Z,2012,SE monsoon
5267,0,A,15.7,24.1,1,2012-09-09T00:00:00Z,2012,SE monsoon
3608,0,S,16.0,24.4,1,2012-09-14T00:00:00Z,2012,SE monsoon
5249,1,A,18.0,24.9,1,2012-09-15T00:00:00Z,2012,SE monsoon
4904,0,A,15.9,24.9,1,2012-09-16T00:00:00Z,2012,SE monsoon
5173,0,A,13.5,24.3,0,2012-09-17T00:00:00Z,2012,SE monsoon
4892,1,A,17.9,25.6,1,2012-09-18T00:00:00Z,2012,SE monsoon
5235,1,A,16.8,24.8,0,2012-09-18T00:00:00Z,2012,SE monsoon
5195,0,A,14.0,23.5,1,2012-09-19T00:00:00Z,2012,SE monsoon
4896,0,A,16.0,24.5,1,2012-09-23T00:00:00Z,2012,SE monsoon
3595,0,S,15.1,23.6,1,2012-09-24T00:00:00Z,2012,SE monsoon
5283,1,A,17.5,25.0,0,2012-09-24T00:00:00Z,2012,SE monsoon
4861,0,A,15.8,24.3,1,2012-09-25T00:00:00Z,2012,SE monsoon
4885,0,A,15.5,24.6,1,2012-09-25T00:00:00Z,2012,SE monsoon
3643,1,S,16.6,25.6,0,2012-09-26T00:00:00Z,2012,SE monsoon
5291,1,A,16.5,26.1,0,2013-02-05T00:00:00Z,2013,NW monsoon
5000,1,A,16.5,25.5,0,2013-02-08T00:00:00Z,2013,NW monsoon
3462,0,S,16.0,24.9,0,2013-02-24T00:00:00Z,2013,NW monsoon
3699,0,S,16.0,23.4,0,2013-07-02T00:00:00Z,2013,SE monsoon
4965,0,A,18.0,24.4,0,2013-07-04T00:00:00Z,2013,SE monsoon
3518,0,S,17.0,24.0,0,2013-07-09T00:00:00Z,2013,SE monsoon
3451,0,S,18.5,24.5,0,2013-07-11T00:00:00Z,2013,SE monsoon
4883,0,A,17.5,23.6,0,2013-07-11T00:00:00Z,2013,SE monsoon
4885,0,A,16.0,24.8,0,2013-07-13T00:00:00Z,2013,SE monsoon
5000,1,A,16.0,25.8,0,2013-07-14T00:00:00Z,2013,SE monsoon
5338,1,A,15.5,25.4,0,2013-07-14T00:00:00Z,2013,SE monsoon
4957,1,A,16.0,24.9,0,2013-07-16T00:00:00Z,2013,SE monsoon
5447,1,A,15.0,25.1,0,2013-07-18T00:00:00Z,2013,SE monsoon
5162,0,A,13.0,24.1,0,2013-07-28T00:00:00Z,2013,SE monsoon
5334,1,A,19.0,24.6,0,2013-07-31T00:00:00Z,2013,SE monsoon
5453,1,A,15.5,25.3,0,2013-07-31T00:00:00Z,2013,SE monsoon
5235,1,A,15.0,24.8,1,2013-08-01T00:00:00Z,2013,SE monsoon
3486,1,S,17.5,26.2,0,2013-08-06T00:00:00Z,2013,SE monsoon
5249,1,A,15.0,25.6,1,2013-08-11T00:00:00Z,2013,SE monsoon
5514,0,A,14.0,24.6,0,2013-08-14T00:00:00Z,2013,SE monsoon
5267,0,A,14.0,24.4,0,2013-08-17T00:00:00Z,2013,SE monsoon
4904,0,S,15.0,24.9,0,2013-08-18T00:00:00Z,2013,SE monsoon
4892,1,S,17.0,25.8,0,2013-08-24T00:00:00Z,2013,SE monsoon
5292,1,A,17.0,23.8,1,2013-08-24T00:00:00Z,2013,SE monsoon
3643,1,S,16.0,22.9,0,2013-08-28T00:00:00Z,2013,SE monsoon
5321,1,A,16.5,25.2,1,2013-09-02T00:00:00Z,2013,SE monsoon
5217,0,A,15.8,22.7,0,2013-09-05T00:00:00Z,2013,SE monsoon
4999,0,A,16.6,23.5,0,2013-09-16T00:00:00Z,2013,SE monsoon
4933,1,S,16.3,26.3,1,2013-09-18T00:00:00Z,2013,SE monsoon
5173,0,A,15.4,24.4,1,2013-09-19T00:00:00Z,2013,SE monsoon
5291,1,A,16.6,26.5,0,2013-09-19T00:00:00Z,2013,SE monsoon
4890,1,S,16.2,25.5,1,2013-09-24T00:00:00Z,2013,SE monsoon
4892,1,S,16.4,25.8,1,2013-09-28T00:00:00Z,2013,SE monsoon
5173,0,A,13.7,24.6,0,2014-02-01T00:00:00Z,2014,NW monsoon
3462,0,S,14.9,25.9,0,2014-02-14T00:00:00Z,2014,NW monsoon
3486,1,S,17.2,26.5,0,2014-06-25T00:00:00Z,2014,SE monsoon
4954,1,S,17.3,27.2,0,2014-06-25T00:00:00Z,2014,SE monsoon
4973,0,S,16.8,24.7,0,2014-06-27T00:00:00Z,2014,SE monsoon
3574,0,S,14.2,23.8,1,2014-06-28T00:00:00Z,2014,SE monsoon
4917,0,S,14.9,24.6,1,2014-07-03T00:00:00Z,2014,SE monsoon
5453,1,A,15.8,25.6,0,2014-07-03T00:00:00Z,2014,SE monsoon
5292,1,A,16.2,25.5,1,2014-07-04T00:00:00Z,2014,SE monsoon
5128,0,A,16.0,23.9,1,2014-07-09T00:00:00Z,2014,SE monsoon
4972,1,S,15.8,26.3,0,2014-07-10T00:00:00Z,2014,SE monsoon
5450,0,A,15.5,25.0,0,2014-07-10T00:00:00Z,2014,SE monsoon
4965,0,S,15.2,24.1,0,2014-07-13T00:00:00Z,2014,SE monsoon
4954,1,S,17.4,26.9,0,2014-07-18T00:00:00Z,2014,SE monsoon
4860,1,S,16.8,25.6,0,2014-07-19T00:00:00Z,2014,SE monsoon
4957,1,S,15.6,26.2,0,2014-07-21T00:00:00Z,2014,SE monsoon
5132,0,S,14.5,24.0,0,2014-07-23T00:00:00Z,2014,SE monsoon
5319,0,A,15.1,24.1,0,2014-07-30T00:00:00Z,2014,SE monsoon
5291,1,A,16.5,26.2,0,2014-08-07T00:00:00Z,2014,SE monsoon
5195,0,A,14.2,24.1,0,2014-08-21T00:00:00Z,2014,SE monsoon
4958,0,S,14.5,26.1,0,2014-09-08T00:00:00Z,2014,SE monsoon
5453,1,A,14.4,25.9,0,2014-09-11T00:00:00Z,2014,SE monsoon
5195,0,A,14.7,23.9,0,2014-09-17T00:00:00Z,2014,SE monsoon
3486,1,S,17.5,26.3,1,2014-09-23T00:00:00Z,2014,SE monsoon
5128,0,S,15.2,23.8,0,2014-09-23T00:00:00Z,2014,SE monsoon
5292,1,A,17.7,25.7,0,2014-09-23T00:00:00Z,2014,SE monsoon
